<?xml version="1.0" encoding="UTF-8"?><marcxml:collection xmlns:marcxml="http://www.loc.gov/MARC21/slim">
  <marcxml:record>
    <marcxml:leader>00658nam a2200229K  4500</marcxml:leader>
    <marcxml:controlfield tag="001">SCSB-9885680</marcxml:controlfield>
    <marcxml:controlfield tag="005">20020606095253.2</marcxml:controlfield>
    <marcxml:controlfield tag="008">870220s1965    sw a     b    000 0 swe d</marcxml:controlfield>
    <marcxml:controlfield tag="009">990047194650203941</marcxml:controlfield>
    <marcxml:datafield tag="035" ind1=" " ind2=" ">
      <marcxml:subfield code="a">(OCoLC)15217377</marcxml:subfield>
    </marcxml:datafield>
    <marcxml:datafield tag="040" ind1=" " ind2=" ">
      <marcxml:subfield code="a">CLU</marcxml:subfield>
      <marcxml:subfield code="c">CLU</marcxml:subfield>
      <marcxml:subfield code="d">HVL</marcxml:subfield>
    </marcxml:datafield>
    <marcxml:datafield tag="090" ind1=" " ind2=" ">
      <marcxml:subfield code="a">JN7828</marcxml:subfield>
      <marcxml:subfield code="b">.I46s</marcxml:subfield>
    </marcxml:datafield>
    <marcxml:datafield tag="100" ind1="1" ind2=" ">
      <marcxml:subfield code="a">Ingelson, Allan.</marcxml:subfield>
    </marcxml:datafield>
    <marcxml:datafield tag="245" ind1="1" ind2="0">
      <marcxml:subfield code="a">Sa regeras Sverige.</marcxml:subfield>
      <marcxml:subfield code="c">Teckningar av Hasse Erikson.</marcxml:subfield>
    </marcxml:datafield>
    <marcxml:datafield tag="260" ind1=" " ind2=" ">
      <marcxml:subfield code="a">[Stockholm]</marcxml:subfield>
      <marcxml:subfield code="b">Bonniers</marcxml:subfield>
      <marcxml:subfield code="c">[1965]</marcxml:subfield>
    </marcxml:datafield>
    <marcxml:datafield tag="300" ind1=" " ind2=" ">
      <marcxml:subfield code="a">183 p.</marcxml:subfield>
      <marcxml:subfield code="b">illus.</marcxml:subfield>
    </marcxml:datafield>
    <marcxml:datafield tag="490" ind1="0" ind2=" ">
      <marcxml:subfield code="a">Bonniers Uggleböcker</marcxml:subfield>
    </marcxml:datafield>
    <marcxml:datafield tag="504" ind1=" " ind2=" ">
      <marcxml:subfield code="a">Bibliography: p. [178]-179.</marcxml:subfield>
    </marcxml:datafield>
    <marcxml:datafield tag="651" ind1=" " ind2="0">
      <marcxml:subfield code="a">Sweden</marcxml:subfield>
      <marcxml:subfield code="x">Politics and government.</marcxml:subfield>
    </marcxml:datafield>
    <marcxml:datafield tag="583" ind1="1" ind2=" ">
      <marcxml:subfield code="a">committed to retain</marcxml:subfield>
      <marcxml:subfield code="c">20181001</marcxml:subfield>
      <marcxml:subfield code="d">in perpetuity</marcxml:subfield>
      <marcxml:subfield code="f">ReCAP Shared Collection</marcxml:subfield>
      <marcxml:subfield code="5">HUL</marcxml:subfield>
      <marcxml:subfield code="8">221913852150003941</marcxml:subfield>
    </marcxml:datafield>
    <marcxml:datafield tag="852" ind1="8" ind2=" ">
      <marcxml:subfield code="c">HD</marcxml:subfield>
      <marcxml:subfield code="h">SWE</marcxml:subfield>
      <marcxml:subfield code="i">964</marcxml:subfield>
      <marcxml:subfield code="i">ING</marcxml:subfield>
      <marcxml:subfield code="8">221913852150003941</marcxml:subfield>
      <marcxml:subfield code="0">10621966</marcxml:subfield>
      <marcxml:subfield code="b">scsbhl</marcxml:subfield>
    </marcxml:datafield>
    <marcxml:datafield tag="876" ind1=" " ind2=" ">
      <marcxml:subfield code="0">10621966</marcxml:subfield>
      <marcxml:subfield code="3"/>
      <marcxml:subfield code="a">16309121</marcxml:subfield>
      <marcxml:subfield code="h"/>
      <marcxml:subfield code="j">Available</marcxml:subfield>
      <marcxml:subfield code="k">LAW</marcxml:subfield>
      <marcxml:subfield code="p">32044047114152</marcxml:subfield>
      <marcxml:subfield code="t"/>
      <marcxml:subfield code="x">Shared</marcxml:subfield>
      <marcxml:subfield code="z">HL</marcxml:subfield>
      <marcxml:subfield code="l">HD</marcxml:subfield>
    </marcxml:datafield>
  </marcxml:record>
  <marcxml:record>
    <marcxml:leader>00507nam a22001692a 4500</marcxml:leader>
    <marcxml:controlfield tag="001">SCSB-9905863</marcxml:controlfield>
    <marcxml:controlfield tag="005">20020606095253.2</marcxml:controlfield>
    <marcxml:controlfield tag="008">921217s1964    sw            000 0 swe d</marcxml:controlfield>
    <marcxml:controlfield tag="009">990045939470203941</marcxml:controlfield>
    <marcxml:datafield tag="035" ind1=" " ind2=" ">
      <marcxml:subfield code="a">(OCoLC)31340325</marcxml:subfield>
    </marcxml:datafield>
    <marcxml:datafield tag="100" ind1="1" ind2=" ">
      <marcxml:subfield code="a">Johansson, Eskil,</marcxml:subfield>
      <marcxml:subfield code="d">1925-</marcxml:subfield>
    </marcxml:datafield>
    <marcxml:datafield tag="245" ind1="1" ind2="0">
      <marcxml:subfield code="a">Så fann jag Aucas /</marcxml:subfield>
      <marcxml:subfield code="c">Eskil Johansson.</marcxml:subfield>
    </marcxml:datafield>
    <marcxml:datafield tag="260" ind1=" " ind2=" ">
      <marcxml:subfield code="a">Stockholm :</marcxml:subfield>
      <marcxml:subfield code="b">Normans Förlag,</marcxml:subfield>
      <marcxml:subfield code="c">1964.</marcxml:subfield>
    </marcxml:datafield>
    <marcxml:datafield tag="300" ind1=" " ind2=" ">
      <marcxml:subfield code="a">118 p. :</marcxml:subfield>
      <marcxml:subfield code="b">ill. ;</marcxml:subfield>
      <marcxml:subfield code="c">24 cm.</marcxml:subfield>
    </marcxml:datafield>
    <marcxml:datafield tag="650" ind1=" " ind2="0">
      <marcxml:subfield code="a">Huao Indians</marcxml:subfield>
      <marcxml:subfield code="x">Missions.</marcxml:subfield>
    </marcxml:datafield>
    <marcxml:datafield tag="650" ind1=" " ind2="0">
      <marcxml:subfield code="a">Indians of South America</marcxml:subfield>
      <marcxml:subfield code="x">Missions</marcxml:subfield>
      <marcxml:subfield code="z">Ecuador.</marcxml:subfield>
    </marcxml:datafield>
    <marcxml:datafield tag="650" ind1=" " ind2="0">
      <marcxml:subfield code="a">Missions</marcxml:subfield>
      <marcxml:subfield code="z">Ecuador.</marcxml:subfield>
    </marcxml:datafield>
    <marcxml:datafield tag="583" ind1="1" ind2=" ">
      <marcxml:subfield code="a">committed to retain</marcxml:subfield>
      <marcxml:subfield code="c">20181001</marcxml:subfield>
      <marcxml:subfield code="d">in perpetuity</marcxml:subfield>
      <marcxml:subfield code="f">ReCAP Shared Collection</marcxml:subfield>
      <marcxml:subfield code="5">HUL</marcxml:subfield>
      <marcxml:subfield code="8">221921369630003941</marcxml:subfield>
    </marcxml:datafield>
    <marcxml:datafield tag="852" ind1="8" ind2=" ">
      <marcxml:subfield code="c">HD</marcxml:subfield>
      <marcxml:subfield code="h">815.999</marcxml:subfield>
      <marcxml:subfield code="i">J65sa</marcxml:subfield>
      <marcxml:subfield code="8">221921369630003941</marcxml:subfield>
      <marcxml:subfield code="0">10643703</marcxml:subfield>
      <marcxml:subfield code="b">scsbhl</marcxml:subfield>
    </marcxml:datafield>
    <marcxml:datafield tag="876" ind1=" " ind2=" ">
      <marcxml:subfield code="0">10643703</marcxml:subfield>
      <marcxml:subfield code="3"/>
      <marcxml:subfield code="a">16332112</marcxml:subfield>
      <marcxml:subfield code="h"/>
      <marcxml:subfield code="j">Available</marcxml:subfield>
      <marcxml:subfield code="k">DIV</marcxml:subfield>
      <marcxml:subfield code="p">AH5RXD</marcxml:subfield>
      <marcxml:subfield code="t"/>
      <marcxml:subfield code="x">Shared</marcxml:subfield>
      <marcxml:subfield code="z">AH</marcxml:subfield>
      <marcxml:subfield code="l">HD</marcxml:subfield>
    </marcxml:datafield>
  </marcxml:record>
</marcxml:collection>
