<?xml version="1.0" encoding="UTF-8"?><marcxml:collection xmlns:marcxml="http://www.loc.gov/MARC21/slim">
  <marcxml:record>
    <marcxml:leader>00000cam a2200445 a 4500</marcxml:leader>
    <marcxml:controlfield tag="001">SCSB-9890527</marcxml:controlfield>
    <marcxml:controlfield tag="005">20091123172851.0</marcxml:controlfield>
    <marcxml:controlfield tag="008">090130s2008    gw a     b    000 0 ger d</marcxml:controlfield>
    <marcxml:controlfield tag="009">990117620390203941</marcxml:controlfield>
    <marcxml:datafield tag="010" ind1=" " ind2=" ">
      <marcxml:subfield code="a">^^2009378368</marcxml:subfield>
    </marcxml:datafield>
    <marcxml:datafield tag="016" ind1="7" ind2=" ">
      <marcxml:subfield code="a">990745325</marcxml:subfield>
      <marcxml:subfield code="2">GyFmDB</marcxml:subfield>
    </marcxml:datafield>
    <marcxml:datafield tag="020" ind1=" " ind2=" ">
      <marcxml:subfield code="a">9783631574072 (pbk.)</marcxml:subfield>
    </marcxml:datafield>
    <marcxml:datafield tag="020" ind1=" " ind2=" ">
      <marcxml:subfield code="a">363157407X (pbk.)</marcxml:subfield>
    </marcxml:datafield>
    <marcxml:datafield tag="035" ind1=" " ind2=" ">
      <marcxml:subfield code="a">(OCoLC)270980026</marcxml:subfield>
    </marcxml:datafield>
    <marcxml:datafield tag="040" ind1=" " ind2=" ">
      <marcxml:subfield code="a">OHX</marcxml:subfield>
      <marcxml:subfield code="c">OHX</marcxml:subfield>
      <marcxml:subfield code="d">DLC</marcxml:subfield>
      <marcxml:subfield code="d">NYP</marcxml:subfield>
      <marcxml:subfield code="d">SZ9XM</marcxml:subfield>
      <marcxml:subfield code="d">HMU</marcxml:subfield>
    </marcxml:datafield>
    <marcxml:datafield tag="042" ind1=" " ind2=" ">
      <marcxml:subfield code="a">lccopycat</marcxml:subfield>
    </marcxml:datafield>
    <marcxml:datafield tag="043" ind1=" " ind2=" ">
      <marcxml:subfield code="a">e-au---</marcxml:subfield>
    </marcxml:datafield>
    <marcxml:datafield tag="050" ind1="0" ind2="0">
      <marcxml:subfield code="a">ML246.5</marcxml:subfield>
      <marcxml:subfield code="b">.M39 2008</marcxml:subfield>
    </marcxml:datafield>
    <marcxml:datafield tag="072" ind1=" " ind2="7">
      <marcxml:subfield code="a">ML</marcxml:subfield>
      <marcxml:subfield code="2">lcco</marcxml:subfield>
    </marcxml:datafield>
    <marcxml:datafield tag="100" ind1="1" ind2=" ">
      <marcxml:subfield code="a">Mayer-Hirzberger, Anita</marcxml:subfield>
    </marcxml:datafield>
    <marcxml:datafield tag="245" ind1="1" ind2="0">
      <marcxml:subfield code="a">"--ein Volk von alters her musikbegabt" :</marcxml:subfield>
      <marcxml:subfield code="b">der Begriff "Musikland Österreich" im Ständestaat /</marcxml:subfield>
      <marcxml:subfield code="c">Anita Mayer-Hirzberger.</marcxml:subfield>
    </marcxml:datafield>
    <marcxml:datafield tag="246" ind1="3" ind2="0">
      <marcxml:subfield code="a">Begriff "Musikland Österreich" im Ständestaat</marcxml:subfield>
    </marcxml:datafield>
    <marcxml:datafield tag="260" ind1=" " ind2=" ">
      <marcxml:subfield code="a">Frankfurt am Main ;</marcxml:subfield>
      <marcxml:subfield code="a">New York :</marcxml:subfield>
      <marcxml:subfield code="b">Peter Lang,</marcxml:subfield>
      <marcxml:subfield code="c">c2008.</marcxml:subfield>
    </marcxml:datafield>
    <marcxml:datafield tag="300" ind1=" " ind2=" ">
      <marcxml:subfield code="a">291 p. :</marcxml:subfield>
      <marcxml:subfield code="b">ill. ;</marcxml:subfield>
      <marcxml:subfield code="c">21 cm.</marcxml:subfield>
    </marcxml:datafield>
    <marcxml:datafield tag="490" ind1="1" ind2=" ">
      <marcxml:subfield code="a">Musikkontext ,</marcxml:subfield>
      <marcxml:subfield code="x">1616-5209 ;</marcxml:subfield>
      <marcxml:subfield code="v">Bd. 4</marcxml:subfield>
    </marcxml:datafield>
    <marcxml:datafield tag="500" ind1=" " ind2=" ">
      <marcxml:subfield code="a">Habilitation.</marcxml:subfield>
    </marcxml:datafield>
    <marcxml:datafield tag="504" ind1=" " ind2=" ">
      <marcxml:subfield code="a">Includes bibliographical references (p. 274-291).</marcxml:subfield>
    </marcxml:datafield>
    <marcxml:datafield tag="650" ind1=" " ind2="0">
      <marcxml:subfield code="a">Music</marcxml:subfield>
      <marcxml:subfield code="z">Austria</marcxml:subfield>
      <marcxml:subfield code="y">20th century</marcxml:subfield>
      <marcxml:subfield code="x">History and criticism.</marcxml:subfield>
    </marcxml:datafield>
    <marcxml:datafield tag="650" ind1=" " ind2="0">
      <marcxml:subfield code="a">Music and state</marcxml:subfield>
      <marcxml:subfield code="z">Austria</marcxml:subfield>
      <marcxml:subfield code="x">History</marcxml:subfield>
      <marcxml:subfield code="y">20th century.</marcxml:subfield>
    </marcxml:datafield>
    <marcxml:datafield tag="650" ind1=" " ind2="0">
      <marcxml:subfield code="a">National characteristics, Austrian.</marcxml:subfield>
    </marcxml:datafield>
    <marcxml:datafield tag="650" ind1=" " ind2="7">
      <marcxml:subfield code="a">Musikpolitik</marcxml:subfield>
      <marcxml:subfield code="z">Österreich</marcxml:subfield>
      <marcxml:subfield code="y">Geschichte 1934-1938.</marcxml:subfield>
      <marcxml:subfield code="2">swd</marcxml:subfield>
    </marcxml:datafield>
    <marcxml:datafield tag="651" ind1=" " ind2="7">
      <marcxml:subfield code="a">Österreich</marcxml:subfield>
      <marcxml:subfield code="x">Musikpolitik</marcxml:subfield>
      <marcxml:subfield code="y">Geschichte 1934-1938.</marcxml:subfield>
      <marcxml:subfield code="2">swd</marcxml:subfield>
    </marcxml:datafield>
    <marcxml:datafield tag="830" ind1=" " ind2="0">
      <marcxml:subfield code="a">Musikkontext ;</marcxml:subfield>
      <marcxml:subfield code="v">Bd. 4.</marcxml:subfield>
    </marcxml:datafield>
    <marcxml:datafield tag="583" ind1="1" ind2=" ">
      <marcxml:subfield code="a">committed to retain</marcxml:subfield>
      <marcxml:subfield code="c">20181001</marcxml:subfield>
      <marcxml:subfield code="d">in perpetuity</marcxml:subfield>
      <marcxml:subfield code="f">ReCAP Shared Collection</marcxml:subfield>
      <marcxml:subfield code="5">HUL</marcxml:subfield>
      <marcxml:subfield code="8">222117739670003941</marcxml:subfield>
    </marcxml:datafield>
    <marcxml:datafield tag="852" ind1="0" ind2=" ">
      <marcxml:subfield code="c">HD</marcxml:subfield>
      <marcxml:subfield code="h">ML246.5</marcxml:subfield>
      <marcxml:subfield code="i">.M39 2008</marcxml:subfield>
      <marcxml:subfield code="8">222117739670003941</marcxml:subfield>
      <marcxml:subfield code="0">10627131</marcxml:subfield>
      <marcxml:subfield code="b">scsbhl</marcxml:subfield>
    </marcxml:datafield>
    <marcxml:datafield tag="876" ind1=" " ind2=" ">
      <marcxml:subfield code="0">10627131</marcxml:subfield>
      <marcxml:subfield code="3"/>
      <marcxml:subfield code="a">16314629</marcxml:subfield>
      <marcxml:subfield code="h"/>
      <marcxml:subfield code="j">Available</marcxml:subfield>
      <marcxml:subfield code="k">MUS</marcxml:subfield>
      <marcxml:subfield code="p">32044107122558</marcxml:subfield>
      <marcxml:subfield code="t"/>
      <marcxml:subfield code="x">Shared</marcxml:subfield>
      <marcxml:subfield code="z">ML</marcxml:subfield>
      <marcxml:subfield code="l">HD</marcxml:subfield>
    </marcxml:datafield>
  </marcxml:record>
  <marcxml:record>
    <marcxml:leader>00000cam a22003374a 4500</marcxml:leader>
    <marcxml:controlfield tag="001">SCSB-9895060</marcxml:controlfield>
    <marcxml:controlfield tag="005">20110209135801.0</marcxml:controlfield>
    <marcxml:controlfield tag="008">101119s2011    gw a     bc   000 0dger c</marcxml:controlfield>
    <marcxml:controlfield tag="009">990126792880203941</marcxml:controlfield>
    <marcxml:datafield tag="035" ind1=" " ind2=" ">
      <marcxml:subfield code="a">(MH)012679288HVD01-Aleph</marcxml:subfield>
    </marcxml:datafield>
    <marcxml:datafield tag="016" ind1="7" ind2=" ">
      <marcxml:subfield code="a">1006570012</marcxml:subfield>
      <marcxml:subfield code="2">DE-101</marcxml:subfield>
    </marcxml:datafield>
    <marcxml:datafield tag="020" ind1=" " ind2=" ">
      <marcxml:subfield code="a">9783402128763 (pbk.)</marcxml:subfield>
    </marcxml:datafield>
    <marcxml:datafield tag="020" ind1=" " ind2=" ">
      <marcxml:subfield code="a">3402128764 (pbk.)</marcxml:subfield>
    </marcxml:datafield>
    <marcxml:datafield tag="035" ind1=" " ind2=" ">
      <marcxml:subfield code="a">(OCoLC)682880801</marcxml:subfield>
    </marcxml:datafield>
    <marcxml:datafield tag="040" ind1=" " ind2=" ">
      <marcxml:subfield code="a">OHX</marcxml:subfield>
      <marcxml:subfield code="c">OHX</marcxml:subfield>
      <marcxml:subfield code="d">FXM</marcxml:subfield>
      <marcxml:subfield code="d">OCLCQ</marcxml:subfield>
    </marcxml:datafield>
    <marcxml:datafield tag="042" ind1=" " ind2=" ">
      <marcxml:subfield code="a">pcc</marcxml:subfield>
    </marcxml:datafield>
    <marcxml:datafield tag="050" ind1=" " ind2="4">
      <marcxml:subfield code="a">ND588.W685</marcxml:subfield>
      <marcxml:subfield code="b">A4 2011</marcxml:subfield>
    </marcxml:datafield>
    <marcxml:datafield tag="072" ind1=" " ind2="7">
      <marcxml:subfield code="a">ND</marcxml:subfield>
      <marcxml:subfield code="2">lcco</marcxml:subfield>
    </marcxml:datafield>
    <marcxml:datafield tag="100" ind1="1" ind2=" ">
      <marcxml:subfield code="a">Witte-Lenoir, Heinz,</marcxml:subfield>
      <marcxml:subfield code="d">1880-1961.</marcxml:subfield>
    </marcxml:datafield>
    <marcxml:datafield tag="245" ind1="1" ind2="0">
      <marcxml:subfield code="a">"--nach Paris und weiter" :</marcxml:subfield>
      <marcxml:subfield code="b">Heinz Witte-Lenoir, ein Maler auf Reisen : Katalog zur Ausstellung in der Galerie Luzie Uptmoor, Lohne, dem Industriemuseum Lohne und dem Museumsdorf Cloppenburg /</marcxml:subfield>
      <marcxml:subfield code="c">herausgegeben von Jürgen Weichardt.</marcxml:subfield>
    </marcxml:datafield>
    <marcxml:datafield tag="246" ind1="3" ind2="0">
      <marcxml:subfield code="a">Heinz Witte-Lenoir, ein Maler auf Reisen</marcxml:subfield>
    </marcxml:datafield>
    <marcxml:datafield tag="260" ind1=" " ind2=" ">
      <marcxml:subfield code="a">[Münster] :</marcxml:subfield>
      <marcxml:subfield code="b">Aschendorff,</marcxml:subfield>
      <marcxml:subfield code="c">c2011.</marcxml:subfield>
    </marcxml:datafield>
    <marcxml:datafield tag="300" ind1=" " ind2=" ">
      <marcxml:subfield code="a">187 p. :</marcxml:subfield>
      <marcxml:subfield code="b">col. ill. ;</marcxml:subfield>
      <marcxml:subfield code="c">24 cm.</marcxml:subfield>
    </marcxml:datafield>
    <marcxml:datafield tag="504" ind1=" " ind2=" ">
      <marcxml:subfield code="a">Includes bibliographical references (p. 186).</marcxml:subfield>
    </marcxml:datafield>
    <marcxml:datafield tag="600" ind1="1" ind2="0">
      <marcxml:subfield code="a">Witte-Lenoir, Heinz,</marcxml:subfield>
      <marcxml:subfield code="d">1880-1961</marcxml:subfield>
      <marcxml:subfield code="v">Exhibitions.</marcxml:subfield>
    </marcxml:datafield>
    <marcxml:datafield tag="700" ind1="1" ind2=" ">
      <marcxml:subfield code="a">Weichardt, Jürgen,</marcxml:subfield>
      <marcxml:subfield code="d">1933-</marcxml:subfield>
    </marcxml:datafield>
    <marcxml:datafield tag="710" ind1="2" ind2=" ">
      <marcxml:subfield code="a">Galerie Luzie Uptmoor.</marcxml:subfield>
    </marcxml:datafield>
    <marcxml:datafield tag="710" ind1="2" ind2=" ">
      <marcxml:subfield code="a">Industrie Museum Lohne.</marcxml:subfield>
    </marcxml:datafield>
    <marcxml:datafield tag="710" ind1="2" ind2=" ">
      <marcxml:subfield code="a">Museumsdorf Cloppenburg.</marcxml:subfield>
    </marcxml:datafield>
    <marcxml:datafield tag="583" ind1="1" ind2=" ">
      <marcxml:subfield code="a">committed to retain</marcxml:subfield>
      <marcxml:subfield code="c">20181001</marcxml:subfield>
      <marcxml:subfield code="d">in perpetuity</marcxml:subfield>
      <marcxml:subfield code="f">ReCAP Shared Collection</marcxml:subfield>
      <marcxml:subfield code="5">HUL</marcxml:subfield>
      <marcxml:subfield code="8">222142209710003941</marcxml:subfield>
    </marcxml:datafield>
    <marcxml:datafield tag="852" ind1="0" ind2=" ">
      <marcxml:subfield code="c">HD</marcxml:subfield>
      <marcxml:subfield code="h">ND588.W685</marcxml:subfield>
      <marcxml:subfield code="i">A4 2011</marcxml:subfield>
      <marcxml:subfield code="8">222142209710003941</marcxml:subfield>
      <marcxml:subfield code="0">10632000</marcxml:subfield>
      <marcxml:subfield code="b">scsbhl</marcxml:subfield>
    </marcxml:datafield>
    <marcxml:datafield tag="876" ind1=" " ind2=" ">
      <marcxml:subfield code="0">10632000</marcxml:subfield>
      <marcxml:subfield code="3"/>
      <marcxml:subfield code="a">16319773</marcxml:subfield>
      <marcxml:subfield code="h"/>
      <marcxml:subfield code="j">Available</marcxml:subfield>
      <marcxml:subfield code="k">FAL</marcxml:subfield>
      <marcxml:subfield code="p">32044117655522</marcxml:subfield>
      <marcxml:subfield code="t"/>
      <marcxml:subfield code="x">Shared</marcxml:subfield>
      <marcxml:subfield code="z">FL</marcxml:subfield>
      <marcxml:subfield code="l">HD</marcxml:subfield>
    </marcxml:datafield>
  </marcxml:record>
</marcxml:collection>
