[{"bib":{"bibId":"4884608","owningInstitutionBibId":"4478900","owningInstitutionCode":"CUL","deleteAllItems":true,"items":null}},{"bib":{"bibId":"9062868","owningInstitutionBibId":"13501269","owningInstitutionCode":"CUL","deleteAllItems":true,"items":null}},{"bib":{"bibId":"9068022","owningInstitutionBibId":"13503749","owningInstitutionCode":"CUL","deleteAllItems":true,"items":null}},{"bib":{"bibId":"9068024","owningInstitutionBibId":"13503750","owningInstitutionCode":"CUL","deleteAllItems":true,"items":null}},{"bib":{"bibId":"9068025","owningInstitutionBibId":"13503751","owningInstitutionCode":"CUL","deleteAllItems":true,"items":null}},{"bib":{"bibId":"9068026","owningInstitutionBibId":"13503752","owningInstitutionCode":"CUL","deleteAllItems":true,"items":null}}]