<?xml version="1.0" encoding="UTF-8"?><marcxml:collection xmlns:marcxml="http://www.loc.gov/MARC21/slim">
  <marcxml:record>
    <marcxml:leader>00974nam a2200289   4500</marcxml:leader>
    <marcxml:controlfield tag="001">SCSB-5943925</marcxml:controlfield>
    <marcxml:controlfield tag="003">CStRLIN</marcxml:controlfield>
    <marcxml:controlfield tag="005">20021115110330.0</marcxml:controlfield>
    <marcxml:controlfield tag="008">770118s1962    cc            00||0|chi| </marcxml:controlfield>
    <marcxml:controlfield tag="009">.b103302049</marcxml:controlfield>
    <marcxml:datafield tag="010" ind1=" " ind2=" ">
      <marcxml:subfield code="a">c  67002997</marcxml:subfield>
    </marcxml:datafield>
    <marcxml:datafield tag="040" ind1=" " ind2=" ">
      <marcxml:subfield code="c">NN</marcxml:subfield>
      <marcxml:subfield code="d">NN</marcxml:subfield>
      <marcxml:subfield code="d">CStRLIN</marcxml:subfield>
    </marcxml:datafield>
    <marcxml:datafield tag="043" ind1=" " ind2=" ">
      <marcxml:subfield code="a">a-cc---</marcxml:subfield>
    </marcxml:datafield>
    <marcxml:datafield tag="100" ind1=" " ind2=" ">
      <marcxml:subfield code="a">Guo, Moruo,</marcxml:subfield>
      <marcxml:subfield code="d">1892-1978.</marcxml:subfield>
    </marcxml:datafield>
    <marcxml:datafield tag="245" ind1="1" ind2="0">
      <marcxml:subfield code="a">Zhongguo shi gao.</marcxml:subfield>
      <marcxml:subfield code="b">Guo Moruo zhu bian.</marcxml:subfield>
    </marcxml:datafield>
    <marcxml:datafield tag="260" ind1=" " ind2=" ">
      <marcxml:subfield code="a">Beijing,</marcxml:subfield>
      <marcxml:subfield code="b">Ren min chu ban she,</marcxml:subfield>
      <marcxml:subfield code="c">1962.</marcxml:subfield>
    </marcxml:datafield>
    <marcxml:datafield tag="300" ind1=" " ind2=" ">
      <marcxml:subfield code="a">1 v.</marcxml:subfield>
      <marcxml:subfield code="c">21 cm.</marcxml:subfield>
    </marcxml:datafield>
    <marcxml:datafield tag="651" ind1=" " ind2="0">
      <marcxml:subfield code="a">China</marcxml:subfield>
      <marcxml:subfield code="x">History.</marcxml:subfield>
    </marcxml:datafield>
    <marcxml:datafield tag="907" ind1=" " ind2=" ">
      <marcxml:subfield code="a">.b103302049</marcxml:subfield>
      <marcxml:subfield code="c">m</marcxml:subfield>
      <marcxml:subfield code="d">a</marcxml:subfield>
      <marcxml:subfield code="e">-</marcxml:subfield>
      <marcxml:subfield code="f">chi</marcxml:subfield>
      <marcxml:subfield code="g">cc </marcxml:subfield>
      <marcxml:subfield code="h">0</marcxml:subfield>
      <marcxml:subfield code="i">3</marcxml:subfield>
    </marcxml:datafield>
    <marcxml:datafield tag="952" ind1=" " ind2=" ">
      <marcxml:subfield code="h">*OVO 76-2164</marcxml:subfield>
    </marcxml:datafield>
    <marcxml:datafield tag="991" ind1=" " ind2=" ">
      <marcxml:subfield code="y">15991939</marcxml:subfield>
    </marcxml:datafield>
    <marcxml:datafield tag="035" ind1=" " ind2=" ">
      <marcxml:subfield code="a">(OCoLC)15991939</marcxml:subfield>
    </marcxml:datafield>
    <marcxml:datafield tag="852" ind1="8" ind2=" ">
      <marcxml:subfield code="h">*OVO 76-2164</marcxml:subfield>
      <marcxml:subfield code="0">5954965</marcxml:subfield>
      <marcxml:subfield code="b">scsbnypl</marcxml:subfield>
    </marcxml:datafield>
    <marcxml:datafield tag="866" ind1=" " ind2=" ">
      <marcxml:subfield code="a">v. 2, pt. 1, v. 4, v. 1</marcxml:subfield>
      <marcxml:subfield code="0">5954965</marcxml:subfield>
    </marcxml:datafield>
    <marcxml:datafield tag="876" ind1=" " ind2=" ">
      <marcxml:subfield code="0">5954965</marcxml:subfield>
      <marcxml:subfield code="3">v. 2, pt. 1</marcxml:subfield>
      <marcxml:subfield code="a">9570547</marcxml:subfield>
      <marcxml:subfield code="h"/>
      <marcxml:subfield code="j">Available</marcxml:subfield>
      <marcxml:subfield code="p">33433059352306</marcxml:subfield>
      <marcxml:subfield code="t">1</marcxml:subfield>
      <marcxml:subfield code="x">Shared</marcxml:subfield>
      <marcxml:subfield code="z">NA</marcxml:subfield>
      <marcxml:subfield code="l">RECAP</marcxml:subfield>
    </marcxml:datafield>
    <marcxml:datafield tag="876" ind1=" " ind2=" ">
      <marcxml:subfield code="0">5954965</marcxml:subfield>
      <marcxml:subfield code="3">v. 4</marcxml:subfield>
      <marcxml:subfield code="a">9570548</marcxml:subfield>
      <marcxml:subfield code="h"/>
      <marcxml:subfield code="j">Available</marcxml:subfield>
      <marcxml:subfield code="p">33433059352298</marcxml:subfield>
      <marcxml:subfield code="t">1</marcxml:subfield>
      <marcxml:subfield code="x">Shared</marcxml:subfield>
      <marcxml:subfield code="z">NA</marcxml:subfield>
      <marcxml:subfield code="l">RECAP</marcxml:subfield>
    </marcxml:datafield>
    <marcxml:datafield tag="876" ind1=" " ind2=" ">
      <marcxml:subfield code="0">5954965</marcxml:subfield>
      <marcxml:subfield code="3">v. 1</marcxml:subfield>
      <marcxml:subfield code="a">9570549</marcxml:subfield>
      <marcxml:subfield code="h"/>
      <marcxml:subfield code="j">Available</marcxml:subfield>
      <marcxml:subfield code="p">33433001849946</marcxml:subfield>
      <marcxml:subfield code="t">1</marcxml:subfield>
      <marcxml:subfield code="x">Shared</marcxml:subfield>
      <marcxml:subfield code="z">NA</marcxml:subfield>
      <marcxml:subfield code="l">RECAP</marcxml:subfield>
    </marcxml:datafield>
  </marcxml:record>
  <marcxml:record>
    <marcxml:leader>01126cam a2200301ua 4500</marcxml:leader>
    <marcxml:controlfield tag="001">SCSB-5990430</marcxml:controlfield>
    <marcxml:controlfield tag="003">CStRLIN</marcxml:controlfield>
    <marcxml:controlfield tag="005">20021115110330.0</marcxml:controlfield>
    <marcxml:controlfield tag="008">860709s1984    cc ac         00000 chi d</marcxml:controlfield>
    <marcxml:controlfield tag="009">.b110108358</marcxml:controlfield>
    <marcxml:datafield tag="040" ind1=" " ind2=" ">
      <marcxml:subfield code="a">NNC</marcxml:subfield>
      <marcxml:subfield code="c">NNC</marcxml:subfield>
      <marcxml:subfield code="d">NN</marcxml:subfield>
      <marcxml:subfield code="d">CStRLIN</marcxml:subfield>
    </marcxml:datafield>
    <marcxml:datafield tag="043" ind1=" " ind2=" ">
      <marcxml:subfield code="a">a-cc---</marcxml:subfield>
    </marcxml:datafield>
    <marcxml:datafield tag="066" ind1=" " ind2=" ">
      <marcxml:subfield code="c">$1</marcxml:subfield>
    </marcxml:datafield>
    <marcxml:datafield tag="245" ind1="0" ind2="0">
      <marcxml:subfield code="6">880-01</marcxml:subfield>
      <marcxml:subfield code="a">Zhongguo shou ce :</marcxml:subfield>
      <marcxml:subfield code="b">1984 /</marcxml:subfield>
      <marcxml:subfield code="c">Xianggang da gong bao bian yin.</marcxml:subfield>
    </marcxml:datafield>
    <marcxml:datafield tag="260" ind1=" " ind2=" ">
      <marcxml:subfield code="6">880-02</marcxml:subfield>
      <marcxml:subfield code="a">Xianggang :</marcxml:subfield>
      <marcxml:subfield code="b">Xianggang da gong bao,</marcxml:subfield>
      <marcxml:subfield code="c">1984.</marcxml:subfield>
    </marcxml:datafield>
    <marcxml:datafield tag="300" ind1=" " ind2=" ">
      <marcxml:subfield code="a">1 v. (various pagings) :</marcxml:subfield>
      <marcxml:subfield code="b">ill. (some col.), ports. ;</marcxml:subfield>
      <marcxml:subfield code="c">29 cm.</marcxml:subfield>
    </marcxml:datafield>
    <marcxml:datafield tag="500" ind1=" " ind2=" ">
      <marcxml:subfield code="a">Cover title.</marcxml:subfield>
    </marcxml:datafield>
    <marcxml:datafield tag="500" ind1=" " ind2=" ">
      <marcxml:subfield code="a">"Jing zhu Zhonghua Renmin Gongheguo cheng li 35 zhou nian, 1949-1984."</marcxml:subfield>
    </marcxml:datafield>
    <marcxml:datafield tag="546" ind1=" " ind2=" ">
      <marcxml:subfield code="a">In Chinese.</marcxml:subfield>
    </marcxml:datafield>
    <marcxml:datafield tag="651" ind1=" " ind2="0">
      <marcxml:subfield code="a">China</marcxml:subfield>
      <marcxml:subfield code="v">Handbooks, manuals, etc.</marcxml:subfield>
    </marcxml:datafield>
    <marcxml:datafield tag="651" ind1=" " ind2="0">
      <marcxml:subfield code="a">China</marcxml:subfield>
      <marcxml:subfield code="v">Directories.</marcxml:subfield>
    </marcxml:datafield>
    <marcxml:datafield tag="710" ind1="2" ind2=" ">
      <marcxml:subfield code="6">880-03</marcxml:subfield>
      <marcxml:subfield code="a">Xianggang da gong bao.</marcxml:subfield>
    </marcxml:datafield>
    <marcxml:datafield tag="880" ind1="0" ind2="0">
      <marcxml:subfield code="6">245-01/$1</marcxml:subfield>
      <marcxml:subfield code="a">中國手册 :</marcxml:subfield>
      <marcxml:subfield code="1">984 /</marcxml:subfield>
      <marcxml:subfield code="c">香港大公報編印・</marcxml:subfield>
    </marcxml:datafield>
    <marcxml:datafield tag="880" ind1=" " ind2=" ">
      <marcxml:subfield code="6">260-02/$1</marcxml:subfield>
      <marcxml:subfield code="a">香港:</marcxml:subfield>
      <marcxml:subfield code="b">香港大公報,</marcxml:subfield>
      <marcxml:subfield code="c">1984.</marcxml:subfield>
    </marcxml:datafield>
    <marcxml:datafield tag="880" ind1="2" ind2=" ">
      <marcxml:subfield code="6">710-03/$1</marcxml:subfield>
      <marcxml:subfield code="a">香港大公報・</marcxml:subfield>
    </marcxml:datafield>
    <marcxml:datafield tag="907" ind1=" " ind2=" ">
      <marcxml:subfield code="a">.b110108358</marcxml:subfield>
      <marcxml:subfield code="c">m</marcxml:subfield>
      <marcxml:subfield code="d">a</marcxml:subfield>
      <marcxml:subfield code="e">-</marcxml:subfield>
      <marcxml:subfield code="f">chi</marcxml:subfield>
      <marcxml:subfield code="g">cc </marcxml:subfield>
      <marcxml:subfield code="h">0</marcxml:subfield>
      <marcxml:subfield code="i">1</marcxml:subfield>
    </marcxml:datafield>
    <marcxml:datafield tag="952" ind1=" " ind2=" ">
      <marcxml:subfield code="h">*OVD 86-1840</marcxml:subfield>
    </marcxml:datafield>
    <marcxml:datafield tag="852" ind1="8" ind2=" ">
      <marcxml:subfield code="h">*OVD 86-1840</marcxml:subfield>
      <marcxml:subfield code="0">6002466</marcxml:subfield>
      <marcxml:subfield code="b">scsbnypl</marcxml:subfield>
    </marcxml:datafield>
    <marcxml:datafield tag="876" ind1=" " ind2=" ">
      <marcxml:subfield code="0">6002466</marcxml:subfield>
      <marcxml:subfield code="3"/>
      <marcxml:subfield code="a">9673860</marcxml:subfield>
      <marcxml:subfield code="h"/>
      <marcxml:subfield code="j">Available</marcxml:subfield>
      <marcxml:subfield code="p">33433069636755</marcxml:subfield>
      <marcxml:subfield code="t">1</marcxml:subfield>
      <marcxml:subfield code="x">Shared</marcxml:subfield>
      <marcxml:subfield code="z">NA</marcxml:subfield>
      <marcxml:subfield code="l">RECAP</marcxml:subfield>
    </marcxml:datafield>
  </marcxml:record>
</marcxml:collection>
