<?xml version="1.0" encoding="UTF-8"?><marcxml:collection xmlns:marcxml="http://www.loc.gov/MARC21/slim">
  <marcxml:record>
    <marcxml:leader>01102cam a2200313   4500</marcxml:leader>
    <marcxml:controlfield tag="001">SCSB-5955577</marcxml:controlfield>
    <marcxml:controlfield tag="005">20000629173025.0</marcxml:controlfield>
    <marcxml:controlfield tag="008">781003s1978    maua          00| 0|eng| </marcxml:controlfield>
    <marcxml:controlfield tag="009">.b105149135</marcxml:controlfield>
    <marcxml:datafield tag="010" ind1=" " ind2=" ">
      <marcxml:subfield code="a">77017866</marcxml:subfield>
    </marcxml:datafield>
    <marcxml:datafield tag="020" ind1=" " ind2=" ">
      <marcxml:subfield code="a">026213134X</marcxml:subfield>
    </marcxml:datafield>
    <marcxml:datafield tag="040" ind1=" " ind2=" ">
      <marcxml:subfield code="c">NN</marcxml:subfield>
      <marcxml:subfield code="d">NN</marcxml:subfield>
      <marcxml:subfield code="d">WaOLN</marcxml:subfield>
    </marcxml:datafield>
    <marcxml:datafield tag="050" ind1=" " ind2="0">
      <marcxml:subfield code="a">HD1714</marcxml:subfield>
      <marcxml:subfield code="b">.M3</marcxml:subfield>
    </marcxml:datafield>
    <marcxml:datafield tag="100" ind1="1" ind2=" ">
      <marcxml:subfield code="a">Maass, Arthur.</marcxml:subfield>
    </marcxml:datafield>
    <marcxml:datafield tag="245" ind1="1" ind2="2">
      <marcxml:subfield code="a">... and the desert shall rejoice :</marcxml:subfield>
      <marcxml:subfield code="b">conflict, growth, and justice in arid environments /</marcxml:subfield>
      <marcxml:subfield code="c">Arthur Maass and Raymond L. Anderson.</marcxml:subfield>
    </marcxml:datafield>
    <marcxml:datafield tag="260" ind1=" " ind2=" ">
      <marcxml:subfield code="a">Cambridge, Mass. :</marcxml:subfield>
      <marcxml:subfield code="b">MIT Press,</marcxml:subfield>
      <marcxml:subfield code="c">c1978.</marcxml:subfield>
    </marcxml:datafield>
    <marcxml:datafield tag="300" ind1=" " ind2=" ">
      <marcxml:subfield code="a">447 p. :</marcxml:subfield>
      <marcxml:subfield code="b">ill. ;</marcxml:subfield>
      <marcxml:subfield code="c">24 cm.</marcxml:subfield>
    </marcxml:datafield>
    <marcxml:datafield tag="504" ind1=" " ind2=" ">
      <marcxml:subfield code="a">Includes bibliographical references and index.</marcxml:subfield>
    </marcxml:datafield>
    <marcxml:datafield tag="650" ind1=" " ind2="0">
      <marcxml:subfield code="a">Irrigation</marcxml:subfield>
      <marcxml:subfield code="v">Case studies.</marcxml:subfield>
    </marcxml:datafield>
    <marcxml:datafield tag="650" ind1=" " ind2="0">
      <marcxml:subfield code="a">Irrigation districts</marcxml:subfield>
      <marcxml:subfield code="v">Case studies.</marcxml:subfield>
    </marcxml:datafield>
    <marcxml:datafield tag="650" ind1=" " ind2="0">
      <marcxml:subfield code="a">Water rights</marcxml:subfield>
      <marcxml:subfield code="v">Case studies.</marcxml:subfield>
    </marcxml:datafield>
    <marcxml:datafield tag="650" ind1=" " ind2="0">
      <marcxml:subfield code="a">Arid regions</marcxml:subfield>
      <marcxml:subfield code="v">Case studies.</marcxml:subfield>
    </marcxml:datafield>
    <marcxml:datafield tag="700" ind1="1" ind2=" ">
      <marcxml:subfield code="a">Anderson, Raymond Lloyd,</marcxml:subfield>
      <marcxml:subfield code="d">1927-</marcxml:subfield>
    </marcxml:datafield>
    <marcxml:datafield tag="907" ind1=" " ind2=" ">
      <marcxml:subfield code="a">.b105149135</marcxml:subfield>
      <marcxml:subfield code="c">m</marcxml:subfield>
      <marcxml:subfield code="d">a</marcxml:subfield>
      <marcxml:subfield code="e">-</marcxml:subfield>
      <marcxml:subfield code="f">eng</marcxml:subfield>
      <marcxml:subfield code="g">mau</marcxml:subfield>
      <marcxml:subfield code="h">2</marcxml:subfield>
      <marcxml:subfield code="i">1</marcxml:subfield>
    </marcxml:datafield>
    <marcxml:datafield tag="952" ind1=" " ind2=" ">
      <marcxml:subfield code="h">JSE 78-1239</marcxml:subfield>
    </marcxml:datafield>
    <marcxml:datafield tag="991" ind1=" " ind2=" ">
      <marcxml:subfield code="y">3447398</marcxml:subfield>
    </marcxml:datafield>
    <marcxml:datafield tag="035" ind1=" " ind2=" ">
      <marcxml:subfield code="a">(OCoLC)3447398</marcxml:subfield>
    </marcxml:datafield>
    <marcxml:datafield tag="852" ind1="8" ind2=" ">
      <marcxml:subfield code="h">JSE 78-1239</marcxml:subfield>
      <marcxml:subfield code="0">5966911</marcxml:subfield>
      <marcxml:subfield code="b">scsbnypl</marcxml:subfield>
    </marcxml:datafield>
    <marcxml:datafield tag="876" ind1=" " ind2=" ">
      <marcxml:subfield code="0">5966911</marcxml:subfield>
      <marcxml:subfield code="3"/>
      <marcxml:subfield code="a">9597697</marcxml:subfield>
      <marcxml:subfield code="h"/>
      <marcxml:subfield code="j">Available</marcxml:subfield>
      <marcxml:subfield code="p">33433037282005</marcxml:subfield>
      <marcxml:subfield code="t">1</marcxml:subfield>
      <marcxml:subfield code="x">Shared</marcxml:subfield>
      <marcxml:subfield code="z">NA</marcxml:subfield>
      <marcxml:subfield code="l">RECAP</marcxml:subfield>
    </marcxml:datafield>
  </marcxml:record>
  <marcxml:record>
    <marcxml:leader>00909cam a2200241   4500</marcxml:leader>
    <marcxml:controlfield tag="001">SCSB-5963725</marcxml:controlfield>
    <marcxml:controlfield tag="005">20000629173702.0</marcxml:controlfield>
    <marcxml:controlfield tag="008">790221s1970    ne            00| 0|eng|d</marcxml:controlfield>
    <marcxml:controlfield tag="009">.b106116848</marcxml:controlfield>
    <marcxml:datafield tag="040" ind1=" " ind2=" ">
      <marcxml:subfield code="a">NN</marcxml:subfield>
      <marcxml:subfield code="c">NN</marcxml:subfield>
      <marcxml:subfield code="d">WaOLN</marcxml:subfield>
    </marcxml:datafield>
    <marcxml:datafield tag="100" ind1="1" ind2=" ">
      <marcxml:subfield code="a">Wijdenes, Piet,</marcxml:subfield>
      <marcxml:subfield code="d">1872-</marcxml:subfield>
    </marcxml:datafield>
    <marcxml:datafield tag="245" ind1="1" ind2="1">
      <marcxml:subfield code="a">... Five place tables;</marcxml:subfield>
      <marcxml:subfield code="b">logarithms of integers, logarithms and natural values of trigonometric functions in the decimal system for each grade from 0 to 100 grades with interpolation tables.</marcxml:subfield>
    </marcxml:datafield>
    <marcxml:datafield tag="260" ind1=" " ind2=" ">
      <marcxml:subfield code="a">Groningen (Holland)</marcxml:subfield>
      <marcxml:subfield code="b">P. Noordoff ltd.</marcxml:subfield>
      <marcxml:subfield code="c">1970.</marcxml:subfield>
    </marcxml:datafield>
    <marcxml:datafield tag="300" ind1=" " ind2=" ">
      <marcxml:subfield code="a">168 p.</marcxml:subfield>
      <marcxml:subfield code="c">25 cm.</marcxml:subfield>
    </marcxml:datafield>
    <marcxml:datafield tag="500" ind1=" " ind2=" ">
      <marcxml:subfield code="a">At head of title: P. Wijdenes ...</marcxml:subfield>
    </marcxml:datafield>
    <marcxml:datafield tag="650" ind1=" " ind2="0">
      <marcxml:subfield code="a">Logarithms.</marcxml:subfield>
    </marcxml:datafield>
    <marcxml:datafield tag="650" ind1=" " ind2="0">
      <marcxml:subfield code="a">Trigonometry</marcxml:subfield>
      <marcxml:subfield code="v">Tables.</marcxml:subfield>
    </marcxml:datafield>
    <marcxml:datafield tag="907" ind1=" " ind2=" ">
      <marcxml:subfield code="a">.b106116848</marcxml:subfield>
      <marcxml:subfield code="c">m</marcxml:subfield>
      <marcxml:subfield code="d">a</marcxml:subfield>
      <marcxml:subfield code="e">-</marcxml:subfield>
      <marcxml:subfield code="f">eng</marcxml:subfield>
      <marcxml:subfield code="g">ne </marcxml:subfield>
      <marcxml:subfield code="h">1</marcxml:subfield>
      <marcxml:subfield code="i">1</marcxml:subfield>
    </marcxml:datafield>
    <marcxml:datafield tag="952" ind1=" " ind2=" ">
      <marcxml:subfield code="h">JSE 79-147</marcxml:subfield>
    </marcxml:datafield>
    <marcxml:datafield tag="991" ind1=" " ind2=" ">
      <marcxml:subfield code="y">2971897</marcxml:subfield>
    </marcxml:datafield>
    <marcxml:datafield tag="035" ind1=" " ind2=" ">
      <marcxml:subfield code="a">(OCoLC)2971897</marcxml:subfield>
    </marcxml:datafield>
    <marcxml:datafield tag="852" ind1="8" ind2=" ">
      <marcxml:subfield code="h">JSE 79-147</marcxml:subfield>
      <marcxml:subfield code="0">5975182</marcxml:subfield>
      <marcxml:subfield code="b">scsbnypl</marcxml:subfield>
    </marcxml:datafield>
    <marcxml:datafield tag="876" ind1=" " ind2=" ">
      <marcxml:subfield code="0">5975182</marcxml:subfield>
      <marcxml:subfield code="3"/>
      <marcxml:subfield code="a">9613317</marcxml:subfield>
      <marcxml:subfield code="h"/>
      <marcxml:subfield code="j">Available</marcxml:subfield>
      <marcxml:subfield code="p">33433037300377</marcxml:subfield>
      <marcxml:subfield code="t">1</marcxml:subfield>
      <marcxml:subfield code="x">Open</marcxml:subfield>
      <marcxml:subfield code="z">NA</marcxml:subfield>
      <marcxml:subfield code="l">RECAP</marcxml:subfield>
    </marcxml:datafield>
  </marcxml:record>
</marcxml:collection>
