<?xml version="1.0" encoding="UTF-8"?><marcxml:collection xmlns:marcxml="http://www.loc.gov/MARC21/slim">
<marcxml:record>
  <marcxml:leader>10909cpcaa2201273 u 4500</marcxml:leader>
  <marcxml:controlfield tag="001">SCSB-4796507</marcxml:controlfield>
  <marcxml:controlfield tag="003">NNC</marcxml:controlfield>
  <marcxml:controlfield tag="005">20180907200011.0</marcxml:controlfield>
  <marcxml:controlfield tag="008">890502i19141989xxu                 eng d</marcxml:controlfield>
  <marcxml:controlfield tag="009">4078603</marcxml:controlfield>
  <marcxml:datafield tag="035" ind1=" " ind2=" ">
    <marcxml:subfield code="a">(NNC)CULASPC:voyager:4078603</marcxml:subfield>
  </marcxml:datafield>
  <marcxml:datafield tag="035" ind1=" " ind2=" ">
    <marcxml:subfield code="a">(OCoLC)309769146</marcxml:subfield>
  </marcxml:datafield>
  <marcxml:datafield tag="035" ind1=" " ind2=" ">
    <marcxml:subfield code="a">(OCoLC)ocn309769146</marcxml:subfield>
  </marcxml:datafield>
  <marcxml:datafield tag="035" ind1=" " ind2=" ">
    <marcxml:subfield code="a">(CStRLIN)NYCR89-A143</marcxml:subfield>
  </marcxml:datafield>
  <marcxml:datafield tag="035" ind1=" " ind2=" ">
    <marcxml:subfield code="a">(NNC)4078603</marcxml:subfield>
  </marcxml:datafield>
  <marcxml:datafield tag="040" ind1=" " ind2=" ">
    <marcxml:subfield code="a">NNC-RB</marcxml:subfield>
    <marcxml:subfield code="b">eng</marcxml:subfield>
    <marcxml:subfield code="c">NNC-RB</marcxml:subfield>
    <marcxml:subfield code="e">dacs</marcxml:subfield>
  </marcxml:datafield>
  <marcxml:datafield tag="041" ind1=" " ind2=" ">
    <marcxml:subfield code="a">eng</marcxml:subfield>
    <marcxml:subfield code="a">chi</marcxml:subfield>
  </marcxml:datafield>
  <marcxml:datafield tag="044" ind1=" " ind2=" ">
    <marcxml:subfield code="a">xxu</marcxml:subfield>
  </marcxml:datafield>
  <marcxml:datafield tag="049" ind1=" " ind2=" ">
    <marcxml:subfield code="a">NNC-RB</marcxml:subfield>
  </marcxml:datafield>
  <marcxml:datafield tag="099" ind1=" " ind2=" ">
    <marcxml:subfield code="a">4078603</marcxml:subfield>
  </marcxml:datafield>
  <marcxml:datafield tag="110" ind1="2" ind2=" ">
    <marcxml:subfield code="a">Columbia University,</marcxml:subfield>
    <marcxml:subfield code="b">Chinese Oral History Project </marcxml:subfield>
  </marcxml:datafield>
  <marcxml:datafield tag="245" ind1="1" ind2="0">
    <marcxml:subfield code="a">Chinese oral history project collection,</marcxml:subfield>
    <marcxml:subfield code="f">1914-1989</marcxml:subfield>
    <marcxml:subfield code="g">bulk 1958-1980</marcxml:subfield>
  </marcxml:datafield>
  <marcxml:datafield tag="300" ind1=" " ind2=" ">
    <marcxml:subfield code="a">35.9</marcxml:subfield>
    <marcxml:subfield code="f">Linear Feet (86 manuscript boxes and 7 card catalog drawers)</marcxml:subfield>
  </marcxml:datafield>
  <marcxml:datafield tag="351" ind1=" " ind2=" ">
    <marcxml:subfield code="a">Arranged in five series.
        Series 1: Project files.
        Series 2: Interviewee files.
        Series 3: Autobiographies and publications.
        Series 4: Audio recordings.
        Series 5: Card files.
        該檔案分為五個系列。
        系列1：項目文件。
        系列2：受訪者文件。
        系列3：自傳和手稿。
        系列4：錄音。
        系列5：名稱搜索卡片。</marcxml:subfield>
  </marcxml:datafield>
  <marcxml:datafield tag="500" ind1=" " ind2=" ">
    <marcxml:subfield code="a">Physical Characteristics / Technical Requirements: Material base and configuration--Audio tapes</marcxml:subfield>
  </marcxml:datafield>
  <marcxml:datafield tag="500" ind1=" " ind2=" ">
    <marcxml:subfield code="a">Materials Separated from the Resource: Interviewees’ personal papers were separated and described as its own collection during the archival processing for better access and discovery. Interviewees with personal paper collections: Chen Guangfu, Chen Lifu, Wellington Koo, Kung H.H., Li Hanhun, Li Huang, Li Shuhua, Li Zongren, Liu J. Heng, Huang Fu (gift of Mme. Huang-Shen Yiyun), Tsiang Tingfu Fuller, and Zhang Fakui. Researchers may find the personal papers on CLIO. 受訪者個人歷史檔案在整理過程中被分為各自的個人歷史檔案以便偏目, 搜索, 和利用。有個人檔案的受訪者為：陳光甫, 陳立夫, 顧維鈞, 孔祥熙, 李漢魂, 李璜, 李書華, 李宗仁, 劉瑞恆, 黃郛 (黃沈亦云贈捐), 蔣廷黻, 張發奎。學者可利用CLIO搜索以上陳列的個人檔案。</marcxml:subfield>
  </marcxml:datafield>
  <marcxml:datafield tag="500" ind1=" " ind2=" ">
    <marcxml:subfield code="a">Physical Characteristics / Technical Requirements: 14 reels of audio recordings housed in one manuscript box have vinegar odors.</marcxml:subfield>
  </marcxml:datafield>
  <marcxml:datafield tag="506" ind1="1" ind2=" ">
    <marcxml:subfield code="a">See CHINESE ORAL HISTORY CARD FILE for restrictions in individual memoirs and related papers.</marcxml:subfield>
  </marcxml:datafield>
  <marcxml:datafield tag="506" ind1="1" ind2=" ">
    <marcxml:subfield code="a">Memoirs, published in microform, may not circulate via interlibrary loan. Microform copies of individual memoirs may be ordered directly from the Columbia University Oral History Research Office (801 Butler Library). Memoirs published in microform are: Franklin Lien Ho; Shih Hu; Wellington Koo; Han-hun Li; Huang Li; Shu-hua Li; Tingfu Fuller Tsiang; Shun-sheng Tso.</marcxml:subfield>
  </marcxml:datafield>
  <marcxml:datafield tag="520" ind1="2" ind2=" ">
    <marcxml:subfield code="a">The Chinese oral history project (COHP) collection documents the internal and external communication between the COHP staff and its participants as well as other affiliated institutions dating from 1958 to 1980. The collection contains administrative subject files, interviewee files which include correspondence, photographs and portraits, interview transcripts, and reports, as well as autobiographies and publications related to modern Chinese history collected during the course of the project. The collection also includes audio recordings of interviews, a selection of final transcripts in microfilm, and some autobiography and publication manuscripts acquired by the COHP team.</marcxml:subfield>
  </marcxml:datafield>
  <marcxml:datafield tag="524" ind1=" " ind2=" ">
    <marcxml:subfield code="a">Identification of specific item; Date (if known); Chinese oral history project collection; Box and Folder; Rare Book and Manuscript Library, Columbia University Library.</marcxml:subfield>
  </marcxml:datafield>
  <marcxml:datafield tag="535" ind1="2" ind2=" ">
    <marcxml:subfield code="a">Microforms available.</marcxml:subfield>
  </marcxml:datafield>
  <marcxml:datafield tag="535" ind1="2" ind2=" ">
    <marcxml:subfield code="a">Transcripts available.</marcxml:subfield>
  </marcxml:datafield>
  <marcxml:datafield tag="540" ind1=" " ind2=" ">
    <marcxml:subfield code="a">Not more than 25% of any published or unpublished memoir produced by the Columbia University Chinese Oral History Project may be photocopied. A microfilm of the entire memoir may be ordered if there are no donor restrictions.</marcxml:subfield>
  </marcxml:datafield>
  <marcxml:datafield tag="540" ind1=" " ind2=" ">
    <marcxml:subfield code="a">Unpublished memoirs produced by the Academia Sinica and the China Missionaries Project may not be photocopied. For permission to photocopy from these memoirs, write directly to the Institute of Modern History, Academia Sinica, NanKang, Taipei, Taiwan; or China Missionaries Project, Claremont Graduate School Oral History Program, 901 North College, Claremont, CA 91711.</marcxml:subfield>
  </marcxml:datafield>
  <marcxml:datafield tag="540" ind1=" " ind2=" ">
    <marcxml:subfield code="a">Single photocopies may be made for research purposes. The RBML maintains ownership of the physical material only. Copyright remains with the creator and his/her heirs. The responsibility to secure copyright permission rests with the patron.</marcxml:subfield>
  </marcxml:datafield>
  <marcxml:datafield tag="541" ind1="1" ind2=" ">
    <marcxml:subfield code="a">Source of acquisition--East Asian Institute, Columbia University. Date of acquisition--1958. Accession number--M-58.</marcxml:subfield>
  </marcxml:datafield>
  <marcxml:datafield tag="544" ind1="1" ind2=" ">
    <marcxml:subfield code="d">Academia Sinica oral history collection, 1950-1965.
        China missionaries project : oral history, 1969-1972.
        Chinese oral history project : oral history, 1958-1976.</marcxml:subfield>
  </marcxml:datafield>
  <marcxml:datafield tag="545" ind1=" " ind2=" ">
    <marcxml:subfield code="a">Prof. C. Martin Wilbur 韋慕廷 (1907-1997) of the East Asian Institute, Columbia University, and Prof. Franklin L. Ho 何廉 (1905-1975) officially started the Chinese oral history project in 1958 to interview and document the life of prominent Chinese political leaders of Republican China (1911-1949) living abroad. The project was financed by Columbia University, the Ford Foundation, and later by the National Endowment for the Humanities. A total of nineteen prominent Chinese political figures residing in the U.S. and Hong Kong were interviewed. The Chines oral history project staffs consisted of a team of scholarly interviewers with outstanding knowledge of modern Chinese history: Julie Lien-ying How (pinyin: Xia, Lianying; simplified Chinese: 夏连荫; traditional Chinese: 夏連蔭), Te-kong Tong (pinyin: Tang, Degang; simplified Chinese: 唐德刚; traditional Chinese: 唐德剛), Minta Chou Wang (王明德), Alice Kwong Bolocan, Kai-fu Tsao, Lillian Chu Chin, James Seymour, and Crystal Lorch Seidman. The scholar interviewers worked as collaborators, translators, and co-authors with the interviewees closely in the process of drafting, editing (and/or translating) the interview transcription, which later becomes their memoir. The project produced a total of sixteen finalized oral history interviews that were deposited at RBML for future scholarly research, many of which were later published. The project officially ended in the 1980s.</marcxml:subfield>
  </marcxml:datafield>
  <marcxml:datafield tag="546" ind1=" " ind2=" ">
    <marcxml:subfield code="a">Materials primarily in English and Chinese.</marcxml:subfield>
  </marcxml:datafield>
  <marcxml:datafield tag="583" ind1="1" ind2=" ">
    <marcxml:subfield code="a">Cataloged Christina Hilton Fenn 05/02/1989. Processed in August 2018 by Yingwen Huang. Title change from “Autobiographies and related papers” to Chinese oral history project collection to better reflect the contents of the collection and to conform to DACS standard. Materials were rehoused in appropriate sized and buffered folders and boxes, photographs are housed in mylars. All audio records are rehoused in record carton and planned for digitization; 14 reels of audio recordings with vinegar odors remain housed in a separated box. </marcxml:subfield>
  </marcxml:datafield>
  <marcxml:datafield tag="600" ind1="1" ind2="7">
    <marcxml:subfield code="a">Wilbur, C. Martin</marcxml:subfield>
    <marcxml:subfield code="q">(Clarence Martin),</marcxml:subfield>
    <marcxml:subfield code="d">1908-1997</marcxml:subfield>
    <marcxml:subfield code="2">ingest</marcxml:subfield>
  </marcxml:datafield>
  <marcxml:datafield tag="600" ind1="1" ind2="7">
    <marcxml:subfield code="a">Ho, Franklin L.,</marcxml:subfield>
    <marcxml:subfield code="2">local</marcxml:subfield>
  </marcxml:datafield>
  <marcxml:datafield tag="600" ind1="1" ind2="7">
    <marcxml:subfield code="a">Cai, Zengji,</marcxml:subfield>
    <marcxml:subfield code="2">local</marcxml:subfield>
  </marcxml:datafield>
  <marcxml:datafield tag="600" ind1="1" ind2="0">
    <marcxml:subfield code="a">Chen, Guangfu,</marcxml:subfield>
    <marcxml:subfield code="d">1881-1976</marcxml:subfield>
    <marcxml:subfield code="0">http://id.loc.gov/authorities/names/n82006050</marcxml:subfield>
  </marcxml:datafield>
  <marcxml:datafield tag="600" ind1="1" ind2="0">
    <marcxml:subfield code="a">Chen, Lifu,</marcxml:subfield>
    <marcxml:subfield code="d">1900-2001</marcxml:subfield>
    <marcxml:subfield code="0">http://id.loc.gov/authorities/names/n81090223</marcxml:subfield>
  </marcxml:datafield>
  <marcxml:datafield tag="600" ind1="1" ind2="0">
    <marcxml:subfield code="a">Hu, Shi,</marcxml:subfield>
    <marcxml:subfield code="d">1891-1962</marcxml:subfield>
    <marcxml:subfield code="0">http://id.loc.gov/authorities/names/n80131442</marcxml:subfield>
  </marcxml:datafield>
  <marcxml:datafield tag="600" ind1="1" ind2="0">
    <marcxml:subfield code="a">Koo, V. K. Wellington,</marcxml:subfield>
    <marcxml:subfield code="d">1888-1985</marcxml:subfield>
    <marcxml:subfield code="0">http://id.loc.gov/authorities/names/n79124574</marcxml:subfield>
  </marcxml:datafield>
  <marcxml:datafield tag="600" ind1="1" ind2="0">
    <marcxml:subfield code="a">Kung, H. H</marcxml:subfield>
    <marcxml:subfield code="q">(Hsiang-hsi),</marcxml:subfield>
    <marcxml:subfield code="d">1880-1967</marcxml:subfield>
    <marcxml:subfield code="0">http://id.loc.gov/authorities/names/n81139072</marcxml:subfield>
  </marcxml:datafield>
  <marcxml:datafield tag="600" ind1="1" ind2="0">
    <marcxml:subfield code="a">Li, Hanhun,</marcxml:subfield>
    <marcxml:subfield code="d">1895-</marcxml:subfield>
    <marcxml:subfield code="0">http://id.loc.gov/authorities/names/nr91044352</marcxml:subfield>
  </marcxml:datafield>
  <marcxml:datafield tag="600" ind1="1" ind2="7">
    <marcxml:subfield code="a">Li, Huang,</marcxml:subfield>
    <marcxml:subfield code="d">1895-1991</marcxml:subfield>
    <marcxml:subfield code="2">ingest</marcxml:subfield>
  </marcxml:datafield>
  <marcxml:datafield tag="600" ind1="1" ind2="0">
    <marcxml:subfield code="a">Li, Shuhua,</marcxml:subfield>
    <marcxml:subfield code="d">1889-</marcxml:subfield>
    <marcxml:subfield code="0">http://id.loc.gov/authorities/names/no2008005421</marcxml:subfield>
  </marcxml:datafield>
  <marcxml:datafield tag="600" ind1="1" ind2="7">
    <marcxml:subfield code="a">Li, Zongren,</marcxml:subfield>
    <marcxml:subfield code="d">1891-1969</marcxml:subfield>
    <marcxml:subfield code="2">ingest</marcxml:subfield>
  </marcxml:datafield>
  <marcxml:datafield tag="600" ind1="1" ind2="0">
    <marcxml:subfield code="a">Liu, Ruiheng,</marcxml:subfield>
    <marcxml:subfield code="d">1890-1961</marcxml:subfield>
    <marcxml:subfield code="0">http://id.loc.gov/authorities/names/nr90012042</marcxml:subfield>
  </marcxml:datafield>
  <marcxml:datafield tag="600" ind1="1" ind2="7">
    <marcxml:subfield code="a">Huang-Shen, Yiyun,</marcxml:subfield>
    <marcxml:subfield code="2">local</marcxml:subfield>
  </marcxml:datafield>
  <marcxml:datafield tag="600" ind1="1" ind2="0">
    <marcxml:subfield code="a">Tsiang, Tingfu F. (Tingfu Fuller),</marcxml:subfield>
    <marcxml:subfield code="d">1895-1965</marcxml:subfield>
    <marcxml:subfield code="0">http://id.loc.gov/authorities/names/n82128890</marcxml:subfield>
  </marcxml:datafield>
  <marcxml:datafield tag="600" ind1="1" ind2="0">
    <marcxml:subfield code="a">Wang, Zhengting,</marcxml:subfield>
    <marcxml:subfield code="d">1882-1961</marcxml:subfield>
    <marcxml:subfield code="0">http://id.loc.gov/authorities/names/n85047421</marcxml:subfield>
  </marcxml:datafield>
  <marcxml:datafield tag="600" ind1="1" ind2="0">
    <marcxml:subfield code="a">Wu, Kuo-Cheng,</marcxml:subfield>
    <marcxml:subfield code="d">1903-1984</marcxml:subfield>
    <marcxml:subfield code="0">http://id.loc.gov/authorities/names/n81007226</marcxml:subfield>
  </marcxml:datafield>
  <marcxml:datafield tag="600" ind1="1" ind2="0">
    <marcxml:subfield code="a">Zhang, Fakui,</marcxml:subfield>
    <marcxml:subfield code="d">1896-1980</marcxml:subfield>
    <marcxml:subfield code="0">http://id.loc.gov/authorities/names/nr92011243</marcxml:subfield>
  </marcxml:datafield>
  <marcxml:datafield tag="600" ind1="1" ind2="0">
    <marcxml:subfield code="a">Zuo, Shunsheng,</marcxml:subfield>
    <marcxml:subfield code="d">1893-1969</marcxml:subfield>
    <marcxml:subfield code="0">http://id.loc.gov/authorities/names/n81129380</marcxml:subfield>
  </marcxml:datafield>
  <marcxml:datafield tag="600" ind1="1" ind2="0">
    <marcxml:subfield code="a">Chang, Kia-ngau,</marcxml:subfield>
    <marcxml:subfield code="d">1889-1979</marcxml:subfield>
    <marcxml:subfield code="0">http://id.loc.gov/authorities/names/n80038655</marcxml:subfield>
  </marcxml:datafield>
  <marcxml:datafield tag="600" ind1="1" ind2="0">
    <marcxml:subfield code="a">Chen, Qitian,</marcxml:subfield>
    <marcxml:subfield code="d">1893-1984</marcxml:subfield>
    <marcxml:subfield code="0">http://id.loc.gov/authorities/names/n85307118</marcxml:subfield>
  </marcxml:datafield>
  <marcxml:datafield tag="600" ind1="1" ind2="0">
    <marcxml:subfield code="a">Meng, Chih,</marcxml:subfield>
    <marcxml:subfield code="d">1900-</marcxml:subfield>
    <marcxml:subfield code="0">http://id.loc.gov/authorities/names/n82023867</marcxml:subfield>
  </marcxml:datafield>
  <marcxml:datafield tag="600" ind1="1" ind2="0">
    <marcxml:subfield code="a">Fritz, Chester,</marcxml:subfield>
    <marcxml:subfield code="0">http://id.loc.gov/authorities/names/n81082153</marcxml:subfield>
  </marcxml:datafield>
  <marcxml:datafield tag="600" ind1="1" ind2="7">
    <marcxml:subfield code="a">Durham, Donald,</marcxml:subfield>
    <marcxml:subfield code="2">local</marcxml:subfield>
  </marcxml:datafield>
  <marcxml:datafield tag="600" ind1="1" ind2="0">
    <marcxml:subfield code="a">Xu, Enzeng,</marcxml:subfield>
    <marcxml:subfield code="d">1898-</marcxml:subfield>
    <marcxml:subfield code="0">http://id.loc.gov/authorities/names/nr90008710</marcxml:subfield>
  </marcxml:datafield>
  <marcxml:datafield tag="600" ind1="1" ind2="0">
    <marcxml:subfield code="a">How, Julie Lien-ying,</marcxml:subfield>
    <marcxml:subfield code="d">-1982</marcxml:subfield>
    <marcxml:subfield code="0">http://id.loc.gov/authorities/names/n88121271</marcxml:subfield>
  </marcxml:datafield>
  <marcxml:datafield tag="600" ind1="1" ind2="0">
    <marcxml:subfield code="a">Tong, Te-kong,</marcxml:subfield>
    <marcxml:subfield code="d">1920-2009</marcxml:subfield>
    <marcxml:subfield code="0">http://id.loc.gov/authorities/names/n80104358</marcxml:subfield>
  </marcxml:datafield>
  <marcxml:datafield tag="600" ind1="1" ind2="7">
    <marcxml:subfield code="a">Wang, Minta Chou,</marcxml:subfield>
    <marcxml:subfield code="2">local</marcxml:subfield>
  </marcxml:datafield>
  <marcxml:datafield tag="600" ind1="1" ind2="0">
    <marcxml:subfield code="a">Tsao, Kai-fu,</marcxml:subfield>
    <marcxml:subfield code="d">1921-</marcxml:subfield>
    <marcxml:subfield code="0">http://id.loc.gov/authorities/names/n83175606</marcxml:subfield>
  </marcxml:datafield>
  <marcxml:datafield tag="600" ind1="1" ind2="7">
    <marcxml:subfield code="a">Bolocan, Alice Kwong,</marcxml:subfield>
    <marcxml:subfield code="2">local</marcxml:subfield>
  </marcxml:datafield>
  <marcxml:datafield tag="600" ind1="1" ind2="7">
    <marcxml:subfield code="a">Chin, Lillian Chu,</marcxml:subfield>
    <marcxml:subfield code="2">local</marcxml:subfield>
  </marcxml:datafield>
  <marcxml:datafield tag="600" ind1="1" ind2="7">
    <marcxml:subfield code="a">Seymour, James,</marcxml:subfield>
    <marcxml:subfield code="2">local</marcxml:subfield>
  </marcxml:datafield>
  <marcxml:datafield tag="600" ind1="1" ind2="7">
    <marcxml:subfield code="a">Seidman, Crystal Lorch,</marcxml:subfield>
    <marcxml:subfield code="2">local</marcxml:subfield>
  </marcxml:datafield>
  <marcxml:datafield tag="610" ind1="2" ind2="0">
    <marcxml:subfield code="a">Columbia University,</marcxml:subfield>
    <marcxml:subfield code="b">East Asian Institute </marcxml:subfield>
  </marcxml:datafield>
  <marcxml:datafield tag="610" ind1="2" ind2="0">
    <marcxml:subfield code="a">Claremont Graduate School</marcxml:subfield>
  </marcxml:datafield>
  <marcxml:datafield tag="610" ind1="2" ind2="0">
    <marcxml:subfield code="a">Zhong yang yan jiu yuan</marcxml:subfield>
    <marcxml:subfield code="t">Jin dai shi yan jiu suo</marcxml:subfield>
  </marcxml:datafield>
  <marcxml:datafield tag="610" ind1="2" ind2="0">
    <marcxml:subfield code="a">Zhongguo guo min dang</marcxml:subfield>
  </marcxml:datafield>
  <marcxml:datafield tag="650" ind1=" " ind2="0">
    <marcxml:subfield code="a">Missionaries</marcxml:subfield>
    <marcxml:subfield code="z">China</marcxml:subfield>
  </marcxml:datafield>
  <marcxml:datafield tag="650" ind1=" " ind2="7">
    <marcxml:subfield code="a">Chinese Missionaries Project</marcxml:subfield>
    <marcxml:subfield code="2">local</marcxml:subfield>
  </marcxml:datafield>
  <marcxml:datafield tag="650" ind1=" " ind2="7">
    <marcxml:subfield code="a">Academia Sinica (Taipei, Taiwan)</marcxml:subfield>
    <marcxml:subfield code="2">local</marcxml:subfield>
  </marcxml:datafield>
  <marcxml:datafield tag="651" ind1=" " ind2="0">
    <marcxml:subfield code="a">China</marcxml:subfield>
    <marcxml:subfield code="x">Description and travel</marcxml:subfield>
  </marcxml:datafield>
  <marcxml:datafield tag="651" ind1=" " ind2="7">
    <marcxml:subfield code="a">China</marcxml:subfield>
    <marcxml:subfield code="x">Description and travel</marcxml:subfield>
    <marcxml:subfield code="x">Views</marcxml:subfield>
    <marcxml:subfield code="2">Source not specified</marcxml:subfield>
  </marcxml:datafield>
  <marcxml:datafield tag="651" ind1=" " ind2="0">
    <marcxml:subfield code="a">China</marcxml:subfield>
    <marcxml:subfield code="x">Politics and government</marcxml:subfield>
  </marcxml:datafield>
  <marcxml:datafield tag="651" ind1=" " ind2="0">
    <marcxml:subfield code="a">China</marcxml:subfield>
    <marcxml:subfield code="x">Social life and customs</marcxml:subfield>
  </marcxml:datafield>
  <marcxml:datafield tag="651" ind1=" " ind2="0">
    <marcxml:subfield code="a">Taiwan</marcxml:subfield>
    <marcxml:subfield code="x">History</marcxml:subfield>
    <marcxml:subfield code="y">1945-</marcxml:subfield>
  </marcxml:datafield>
  <marcxml:datafield tag="655" ind1=" " ind2="7">
    <marcxml:subfield code="a">Oral histories</marcxml:subfield>
    <marcxml:subfield code="2">ftamc</marcxml:subfield>
  </marcxml:datafield>
  <marcxml:datafield tag="655" ind1=" " ind2="7">
    <marcxml:subfield code="a">Interviews</marcxml:subfield>
    <marcxml:subfield code="2">ftamc</marcxml:subfield>
  </marcxml:datafield>
  <marcxml:datafield tag="655" ind1=" " ind2="7">
    <marcxml:subfield code="a">Photoprints</marcxml:subfield>
    <marcxml:subfield code="2">ftamc</marcxml:subfield>
  </marcxml:datafield>
  <marcxml:datafield tag="655" ind1=" " ind2="7">
    <marcxml:subfield code="a">Ledgers (account books)</marcxml:subfield>
    <marcxml:subfield code="2">aat</marcxml:subfield>
  </marcxml:datafield>
  <marcxml:datafield tag="655" ind1=" " ind2="7">
    <marcxml:subfield code="a">Annual reports</marcxml:subfield>
    <marcxml:subfield code="2">rbgenr</marcxml:subfield>
  </marcxml:datafield>
  <marcxml:datafield tag="655" ind1=" " ind2="7">
    <marcxml:subfield code="a">Audio recordings</marcxml:subfield>
    <marcxml:subfield code="2">aat</marcxml:subfield>
  </marcxml:datafield>
  <marcxml:datafield tag="655" ind1=" " ind2="7">
    <marcxml:subfield code="a">Audio tapes</marcxml:subfield>
    <marcxml:subfield code="2">ftamc</marcxml:subfield>
  </marcxml:datafield>
  <marcxml:datafield tag="655" ind1=" " ind2="7">
    <marcxml:subfield code="a">Catalogs</marcxml:subfield>
    <marcxml:subfield code="2">aat</marcxml:subfield>
  </marcxml:datafield>
  <marcxml:datafield tag="655" ind1=" " ind2="7">
    <marcxml:subfield code="a">Correspondence</marcxml:subfield>
    <marcxml:subfield code="2">bgtchm</marcxml:subfield>
  </marcxml:datafield>
  <marcxml:datafield tag="655" ind1=" " ind2="7">
    <marcxml:subfield code="a">Documents</marcxml:subfield>
    <marcxml:subfield code="2">aat</marcxml:subfield>
  </marcxml:datafield>
  <marcxml:datafield tag="655" ind1=" " ind2="7">
    <marcxml:subfield code="a">Transcripts</marcxml:subfield>
    <marcxml:subfield code="2">aat</marcxml:subfield>
  </marcxml:datafield>
  <marcxml:datafield tag="655" ind1=" " ind2="7">
    <marcxml:subfield code="a">Inventories</marcxml:subfield>
    <marcxml:subfield code="2">ftamc</marcxml:subfield>
  </marcxml:datafield>
  <marcxml:datafield tag="655" ind1=" " ind2="7">
    <marcxml:subfield code="a">Letters</marcxml:subfield>
    <marcxml:subfield code="2">ftamc</marcxml:subfield>
  </marcxml:datafield>
  <marcxml:datafield tag="655" ind1=" " ind2="7">
    <marcxml:subfield code="a">Manuscripts</marcxml:subfield>
    <marcxml:subfield code="2">rbgenr</marcxml:subfield>
  </marcxml:datafield>
  <marcxml:datafield tag="655" ind1=" " ind2="7">
    <marcxml:subfield code="a">Memoir</marcxml:subfield>
    <marcxml:subfield code="2">rbgenr</marcxml:subfield>
  </marcxml:datafield>
  <marcxml:datafield tag="655" ind1=" " ind2="7">
    <marcxml:subfield code="a">Microfilms</marcxml:subfield>
    <marcxml:subfield code="2">aat</marcxml:subfield>
  </marcxml:datafield>
  <marcxml:datafield tag="655" ind1=" " ind2="0">
    <marcxml:subfield code="a">Negatives (photographic)</marcxml:subfield>
  </marcxml:datafield>
  <marcxml:datafield tag="655" ind1=" " ind2="0">
    <marcxml:subfield code="a">Clippings</marcxml:subfield>
  </marcxml:datafield>
  <marcxml:datafield tag="655" ind1=" " ind2="7">
    <marcxml:subfield code="a">Notes</marcxml:subfield>
    <marcxml:subfield code="2">AAT</marcxml:subfield>
  </marcxml:datafield>
  <marcxml:datafield tag="655" ind1=" " ind2="7">
    <marcxml:subfield code="a">Photographs</marcxml:subfield>
    <marcxml:subfield code="2">tgm1</marcxml:subfield>
  </marcxml:datafield>
  <marcxml:datafield tag="655" ind1=" " ind2="7">
    <marcxml:subfield code="a">Portraits</marcxml:subfield>
    <marcxml:subfield code="2">ftamc</marcxml:subfield>
  </marcxml:datafield>
  <marcxml:datafield tag="655" ind1=" " ind2="7">
    <marcxml:subfield code="a">Manuscripts (for publication)</marcxml:subfield>
    <marcxml:subfield code="2">ftamc</marcxml:subfield>
  </marcxml:datafield>
  <marcxml:datafield tag="655" ind1=" " ind2="7">
    <marcxml:subfield code="a">Reports</marcxml:subfield>
    <marcxml:subfield code="2">ft aat</marcxml:subfield>
  </marcxml:datafield>
  <marcxml:datafield tag="856" ind1="4" ind2="2">
    <marcxml:subfield code="u">https://findingaids.library.columbia.edu/ead//nnc-rb/ldpd_4078603</marcxml:subfield>
    <marcxml:subfield code="3">Finding aid</marcxml:subfield>
  </marcxml:datafield>
  <marcxml:datafield tag="852" ind1="8" ind2="1">
    <marcxml:subfield code="h">F d 8239</marcxml:subfield>
    <marcxml:subfield code="0">4805707</marcxml:subfield>
    <marcxml:subfield code="b">scsbcul</marcxml:subfield>
  </marcxml:datafield>
  <marcxml:datafield tag="866" ind1="0" ind2="0">
    <marcxml:subfield code="a">Materials related to Chang Chia-ao, Chang Fa-K'ue, Huang Fu, K'ung Hsiang-Hsi, Li Huang, and Wu Kuo-Cheng; Wu Kuo-Chen's "The Night Cometh: A Personal Study of Communist Techniques in China"</marcxml:subfield>
    <marcxml:subfield code="0">4805707</marcxml:subfield>
  </marcxml:datafield>
  <marcxml:datafield tag="876" ind1=" " ind2=" ">
    <marcxml:subfield code="0">4805707</marcxml:subfield>
    <marcxml:subfield code="3">Chang Chai-ao Autobiography Reel 1</marcxml:subfield>
    <marcxml:subfield code="a">7216013</marcxml:subfield>
    <marcxml:subfield code="h">In Library Use</marcxml:subfield>
    <marcxml:subfield code="j">Available</marcxml:subfield>
    <marcxml:subfield code="p">CU16307658</marcxml:subfield>
    <marcxml:subfield code="t">1</marcxml:subfield>
    <marcxml:subfield code="x">Open</marcxml:subfield>
    <marcxml:subfield code="z">CU</marcxml:subfield>
  </marcxml:datafield>
  <marcxml:datafield tag="876" ind1=" " ind2=" ">
    <marcxml:subfield code="0">4805707</marcxml:subfield>
    <marcxml:subfield code="3">Chang Chia-ao Autobiography Reel 2</marcxml:subfield>
    <marcxml:subfield code="a">7216014</marcxml:subfield>
    <marcxml:subfield code="h">In Library Use</marcxml:subfield>
    <marcxml:subfield code="j">Available</marcxml:subfield>
    <marcxml:subfield code="p">CU16307666</marcxml:subfield>
    <marcxml:subfield code="t">1</marcxml:subfield>
    <marcxml:subfield code="x">Open</marcxml:subfield>
    <marcxml:subfield code="z">CU</marcxml:subfield>
  </marcxml:datafield>
  <marcxml:datafield tag="876" ind1=" " ind2=" ">
    <marcxml:subfield code="0">4805707</marcxml:subfield>
    <marcxml:subfield code="3">Chang Fa-K'ue Papers and Fourth War Zone Papers Reel 1 Flash No. 1-5</marcxml:subfield>
    <marcxml:subfield code="a">7216015</marcxml:subfield>
    <marcxml:subfield code="h">In Library Use</marcxml:subfield>
    <marcxml:subfield code="j">Not Available</marcxml:subfield>
    <marcxml:subfield code="p">CU16307674</marcxml:subfield>
    <marcxml:subfield code="t">1</marcxml:subfield>
    <marcxml:subfield code="x">Open</marcxml:subfield>
    <marcxml:subfield code="z">CU</marcxml:subfield>
  </marcxml:datafield>
  <marcxml:datafield tag="876" ind1=" " ind2=" ">
    <marcxml:subfield code="0">4805707</marcxml:subfield>
    <marcxml:subfield code="3">Chang Fa-K'ue Papers and Fourth War Zone Papers Reel 2  Flash No. 5-6</marcxml:subfield>
    <marcxml:subfield code="a">7216016</marcxml:subfield>
    <marcxml:subfield code="h">In Library Use</marcxml:subfield>
    <marcxml:subfield code="j">Not Available</marcxml:subfield>
    <marcxml:subfield code="p">CU16307682</marcxml:subfield>
    <marcxml:subfield code="t">1</marcxml:subfield>
    <marcxml:subfield code="x">Open</marcxml:subfield>
    <marcxml:subfield code="z">CU</marcxml:subfield>
  </marcxml:datafield>
  <marcxml:datafield tag="876" ind1=" " ind2=" ">
    <marcxml:subfield code="0">4805707</marcxml:subfield>
    <marcxml:subfield code="3">Chang Fa-K'ue Papers and Fourth War Zone Papers Reel 3  Flash No. 1, 2 (Diaries)</marcxml:subfield>
    <marcxml:subfield code="a">7216045</marcxml:subfield>
    <marcxml:subfield code="h">In Library Use</marcxml:subfield>
    <marcxml:subfield code="j">Not Available</marcxml:subfield>
    <marcxml:subfield code="p">CU16307690</marcxml:subfield>
    <marcxml:subfield code="t">1</marcxml:subfield>
    <marcxml:subfield code="x">Open</marcxml:subfield>
    <marcxml:subfield code="z">CU</marcxml:subfield>
  </marcxml:datafield>
  <marcxml:datafield tag="876" ind1=" " ind2=" ">
    <marcxml:subfield code="0">4805707</marcxml:subfield>
    <marcxml:subfield code="3">Huang Fu Related Documents Reel 1  1924 Coup Dietat, 1927 Nanking Incident</marcxml:subfield>
    <marcxml:subfield code="a">7216017</marcxml:subfield>
    <marcxml:subfield code="h">In Library Use</marcxml:subfield>
    <marcxml:subfield code="j">Not Available</marcxml:subfield>
    <marcxml:subfield code="p">CU16307704</marcxml:subfield>
    <marcxml:subfield code="t">1</marcxml:subfield>
    <marcxml:subfield code="x">Open</marcxml:subfield>
    <marcxml:subfield code="z">CU</marcxml:subfield>
  </marcxml:datafield>
  <marcxml:datafield tag="876" ind1=" " ind2=" ">
    <marcxml:subfield code="0">4805707</marcxml:subfield>
    <marcxml:subfield code="3">Huang Fu Related Documents Reel 2 1928 Tsinan Incident</marcxml:subfield>
    <marcxml:subfield code="a">7216018</marcxml:subfield>
    <marcxml:subfield code="h">In Library Use</marcxml:subfield>
    <marcxml:subfield code="j">Not Available</marcxml:subfield>
    <marcxml:subfield code="p">CU16307712</marcxml:subfield>
    <marcxml:subfield code="t">1</marcxml:subfield>
    <marcxml:subfield code="x">Open</marcxml:subfield>
    <marcxml:subfield code="z">CU</marcxml:subfield>
  </marcxml:datafield>
  <marcxml:datafield tag="876" ind1=" " ind2=" ">
    <marcxml:subfield code="0">4805707</marcxml:subfield>
    <marcxml:subfield code="3">Huang Fu Related Documents Reel 3 Draft History of Tang-Ku Truce 1933, Other Mat</marcxml:subfield>
    <marcxml:subfield code="a">7216019</marcxml:subfield>
    <marcxml:subfield code="h">In Library Use</marcxml:subfield>
    <marcxml:subfield code="j">Not Available</marcxml:subfield>
    <marcxml:subfield code="p">CU16307720</marcxml:subfield>
    <marcxml:subfield code="t">1</marcxml:subfield>
    <marcxml:subfield code="x">Open</marcxml:subfield>
    <marcxml:subfield code="z">CU</marcxml:subfield>
  </marcxml:datafield>
  <marcxml:datafield tag="876" ind1=" " ind2=" ">
    <marcxml:subfield code="0">4805707</marcxml:subfield>
    <marcxml:subfield code="3">Huang Fu Related Documents Reel 4  Files 5, 6, and 8</marcxml:subfield>
    <marcxml:subfield code="a">7216020</marcxml:subfield>
    <marcxml:subfield code="h">In Library Use</marcxml:subfield>
    <marcxml:subfield code="j">Not Available</marcxml:subfield>
    <marcxml:subfield code="p">CU16307739</marcxml:subfield>
    <marcxml:subfield code="t">1</marcxml:subfield>
    <marcxml:subfield code="x">Open</marcxml:subfield>
    <marcxml:subfield code="z">CU</marcxml:subfield>
  </marcxml:datafield>
  <marcxml:datafield tag="876" ind1=" " ind2=" ">
    <marcxml:subfield code="0">4805707</marcxml:subfield>
    <marcxml:subfield code="3">Huang Fu Related Documents Reel 5 File 7 Part A</marcxml:subfield>
    <marcxml:subfield code="a">7216021</marcxml:subfield>
    <marcxml:subfield code="h">In Library Use</marcxml:subfield>
    <marcxml:subfield code="j">Not Available</marcxml:subfield>
    <marcxml:subfield code="p">CU16307747</marcxml:subfield>
    <marcxml:subfield code="t">1</marcxml:subfield>
    <marcxml:subfield code="x">Open</marcxml:subfield>
    <marcxml:subfield code="z">CU</marcxml:subfield>
  </marcxml:datafield>
  <marcxml:datafield tag="876" ind1=" " ind2=" ">
    <marcxml:subfield code="0">4805707</marcxml:subfield>
    <marcxml:subfield code="3">Huang Fu Related Documents Reel 6 Files 7, 9</marcxml:subfield>
    <marcxml:subfield code="a">7216022</marcxml:subfield>
    <marcxml:subfield code="h">In Library Use</marcxml:subfield>
    <marcxml:subfield code="j">Not Available</marcxml:subfield>
    <marcxml:subfield code="p">CU16307755</marcxml:subfield>
    <marcxml:subfield code="t">1</marcxml:subfield>
    <marcxml:subfield code="x">Open</marcxml:subfield>
    <marcxml:subfield code="z">CU</marcxml:subfield>
  </marcxml:datafield>
  <marcxml:datafield tag="876" ind1=" " ind2=" ">
    <marcxml:subfield code="0">4805707</marcxml:subfield>
    <marcxml:subfield code="3">Huang Fu Related Documents Reel 7  Files 10, 11</marcxml:subfield>
    <marcxml:subfield code="a">7216023</marcxml:subfield>
    <marcxml:subfield code="h">In Library Use</marcxml:subfield>
    <marcxml:subfield code="j">Not Available</marcxml:subfield>
    <marcxml:subfield code="p">CU16308000</marcxml:subfield>
    <marcxml:subfield code="t">1</marcxml:subfield>
    <marcxml:subfield code="x">Open</marcxml:subfield>
    <marcxml:subfield code="z">CU</marcxml:subfield>
  </marcxml:datafield>
  <marcxml:datafield tag="876" ind1=" " ind2=" ">
    <marcxml:subfield code="0">4805707</marcxml:subfield>
    <marcxml:subfield code="3">Huang Fu Related Documents Reel 8  File 12</marcxml:subfield>
    <marcxml:subfield code="a">7216024</marcxml:subfield>
    <marcxml:subfield code="h">In Library Use</marcxml:subfield>
    <marcxml:subfield code="j">Not Available</marcxml:subfield>
    <marcxml:subfield code="p">CU16307992</marcxml:subfield>
    <marcxml:subfield code="t">1</marcxml:subfield>
    <marcxml:subfield code="x">Open</marcxml:subfield>
    <marcxml:subfield code="z">CU</marcxml:subfield>
  </marcxml:datafield>
  <marcxml:datafield tag="876" ind1=" " ind2=" ">
    <marcxml:subfield code="0">4805707</marcxml:subfield>
    <marcxml:subfield code="3">Huang Fu Related Documents Reel 9  Files 13 and 14</marcxml:subfield>
    <marcxml:subfield code="a">7216025</marcxml:subfield>
    <marcxml:subfield code="h">In Library Use</marcxml:subfield>
    <marcxml:subfield code="j">Not Available</marcxml:subfield>
    <marcxml:subfield code="p">CU16307984</marcxml:subfield>
    <marcxml:subfield code="t">1</marcxml:subfield>
    <marcxml:subfield code="x">Open</marcxml:subfield>
    <marcxml:subfield code="z">CU</marcxml:subfield>
  </marcxml:datafield>
  <marcxml:datafield tag="876" ind1=" " ind2=" ">
    <marcxml:subfield code="0">4805707</marcxml:subfield>
    <marcxml:subfield code="3">Huang Fu Related Documents Reel 10  Files 16, 17, and 18 Miscellaneous Documents</marcxml:subfield>
    <marcxml:subfield code="a">7216026</marcxml:subfield>
    <marcxml:subfield code="h">In Library Use</marcxml:subfield>
    <marcxml:subfield code="j">Not Available</marcxml:subfield>
    <marcxml:subfield code="p">CU16307976</marcxml:subfield>
    <marcxml:subfield code="t">1</marcxml:subfield>
    <marcxml:subfield code="x">Open</marcxml:subfield>
    <marcxml:subfield code="z">CU</marcxml:subfield>
  </marcxml:datafield>
  <marcxml:datafield tag="876" ind1=" " ind2=" ">
    <marcxml:subfield code="0">4805707</marcxml:subfield>
    <marcxml:subfield code="3">K'ung Hsiang-Hsi Related Papers Reel 1  Bank of China Index to Part 3 Folder 5</marcxml:subfield>
    <marcxml:subfield code="a">7216027</marcxml:subfield>
    <marcxml:subfield code="h">In Library Use</marcxml:subfield>
    <marcxml:subfield code="j">Not Available</marcxml:subfield>
    <marcxml:subfield code="p">CU16307950</marcxml:subfield>
    <marcxml:subfield code="t">1</marcxml:subfield>
    <marcxml:subfield code="x">Open</marcxml:subfield>
    <marcxml:subfield code="z">CU</marcxml:subfield>
  </marcxml:datafield>
  <marcxml:datafield tag="876" ind1=" " ind2=" ">
    <marcxml:subfield code="0">4805707</marcxml:subfield>
    <marcxml:subfield code="3">K'ung Hsiang-Hsi Related Papers Reel 2  Bank of China Parts I-VIII</marcxml:subfield>
    <marcxml:subfield code="a">7216028</marcxml:subfield>
    <marcxml:subfield code="h">In Library Use</marcxml:subfield>
    <marcxml:subfield code="j">Not Available</marcxml:subfield>
    <marcxml:subfield code="p">CU16307941</marcxml:subfield>
    <marcxml:subfield code="t">1</marcxml:subfield>
    <marcxml:subfield code="x">Open</marcxml:subfield>
    <marcxml:subfield code="z">CU</marcxml:subfield>
  </marcxml:datafield>
  <marcxml:datafield tag="876" ind1=" " ind2=" ">
    <marcxml:subfield code="0">4805707</marcxml:subfield>
    <marcxml:subfield code="3">K'ung Hsiang-Hsi Related Papers Reel 3  Bank of China Docs on Au Hui to Part 17</marcxml:subfield>
    <marcxml:subfield code="a">7216029</marcxml:subfield>
    <marcxml:subfield code="h">In Library Use</marcxml:subfield>
    <marcxml:subfield code="j">Not Available</marcxml:subfield>
    <marcxml:subfield code="p">CU16307968</marcxml:subfield>
    <marcxml:subfield code="t">1</marcxml:subfield>
    <marcxml:subfield code="x">Open</marcxml:subfield>
    <marcxml:subfield code="z">CU</marcxml:subfield>
  </marcxml:datafield>
  <marcxml:datafield tag="876" ind1=" " ind2=" ">
    <marcxml:subfield code="0">4805707</marcxml:subfield>
    <marcxml:subfield code="3">K'ung Hsiang-Hsi Related Papers Reel 4  1938</marcxml:subfield>
    <marcxml:subfield code="a">7216030</marcxml:subfield>
    <marcxml:subfield code="h">In Library Use</marcxml:subfield>
    <marcxml:subfield code="j">Not Available</marcxml:subfield>
    <marcxml:subfield code="p">CU16307933</marcxml:subfield>
    <marcxml:subfield code="t">1</marcxml:subfield>
    <marcxml:subfield code="x">Open</marcxml:subfield>
    <marcxml:subfield code="z">CU</marcxml:subfield>
  </marcxml:datafield>
  <marcxml:datafield tag="876" ind1=" " ind2=" ">
    <marcxml:subfield code="0">4805707</marcxml:subfield>
    <marcxml:subfield code="3">K'ung Hsiang-Hsi Related Papers Reel 5  1939</marcxml:subfield>
    <marcxml:subfield code="a">7216031</marcxml:subfield>
    <marcxml:subfield code="h">In Library Use</marcxml:subfield>
    <marcxml:subfield code="j">Not Available</marcxml:subfield>
    <marcxml:subfield code="p">CU16307925</marcxml:subfield>
    <marcxml:subfield code="t">1</marcxml:subfield>
    <marcxml:subfield code="x">Open</marcxml:subfield>
    <marcxml:subfield code="z">CU</marcxml:subfield>
  </marcxml:datafield>
  <marcxml:datafield tag="876" ind1=" " ind2=" ">
    <marcxml:subfield code="0">4805707</marcxml:subfield>
    <marcxml:subfield code="3">K'ung Hsiang-Hsi Related Papers Reel 6  1940</marcxml:subfield>
    <marcxml:subfield code="a">7216032</marcxml:subfield>
    <marcxml:subfield code="h">In Library Use</marcxml:subfield>
    <marcxml:subfield code="j">Not Available</marcxml:subfield>
    <marcxml:subfield code="p">CU16307917</marcxml:subfield>
    <marcxml:subfield code="t">1</marcxml:subfield>
    <marcxml:subfield code="x">Open</marcxml:subfield>
    <marcxml:subfield code="z">CU</marcxml:subfield>
  </marcxml:datafield>
  <marcxml:datafield tag="876" ind1=" " ind2=" ">
    <marcxml:subfield code="0">4805707</marcxml:subfield>
    <marcxml:subfield code="3">K'ung Hsiang-Hsi Related Papers Reel 7  1941</marcxml:subfield>
    <marcxml:subfield code="a">7216033</marcxml:subfield>
    <marcxml:subfield code="h">In Library Use</marcxml:subfield>
    <marcxml:subfield code="j">Not Available</marcxml:subfield>
    <marcxml:subfield code="p">CU16307909</marcxml:subfield>
    <marcxml:subfield code="t">1</marcxml:subfield>
    <marcxml:subfield code="x">Open</marcxml:subfield>
    <marcxml:subfield code="z">CU</marcxml:subfield>
  </marcxml:datafield>
  <marcxml:datafield tag="876" ind1=" " ind2=" ">
    <marcxml:subfield code="0">4805707</marcxml:subfield>
    <marcxml:subfield code="3">K'ung Hsiang-Hsi Related Papers Reel 8  1942</marcxml:subfield>
    <marcxml:subfield code="a">7216034</marcxml:subfield>
    <marcxml:subfield code="h">In Library Use</marcxml:subfield>
    <marcxml:subfield code="j">Not Available</marcxml:subfield>
    <marcxml:subfield code="p">CU16307895</marcxml:subfield>
    <marcxml:subfield code="t">1</marcxml:subfield>
    <marcxml:subfield code="x">Open</marcxml:subfield>
    <marcxml:subfield code="z">CU</marcxml:subfield>
  </marcxml:datafield>
  <marcxml:datafield tag="876" ind1=" " ind2=" ">
    <marcxml:subfield code="0">4805707</marcxml:subfield>
    <marcxml:subfield code="3">K'ung Hsiang-Hsi Related Papers Reel 9  1943</marcxml:subfield>
    <marcxml:subfield code="a">7216035</marcxml:subfield>
    <marcxml:subfield code="h">In Library Use</marcxml:subfield>
    <marcxml:subfield code="j">Not Available</marcxml:subfield>
    <marcxml:subfield code="p">CU16307887</marcxml:subfield>
    <marcxml:subfield code="t">1</marcxml:subfield>
    <marcxml:subfield code="x">Open</marcxml:subfield>
    <marcxml:subfield code="z">CU</marcxml:subfield>
  </marcxml:datafield>
  <marcxml:datafield tag="876" ind1=" " ind2=" ">
    <marcxml:subfield code="0">4805707</marcxml:subfield>
    <marcxml:subfield code="3">K'ung Hsiang-Hsi Related Papers Reel 10  1943 continued</marcxml:subfield>
    <marcxml:subfield code="a">7216036</marcxml:subfield>
    <marcxml:subfield code="h">In Library Use</marcxml:subfield>
    <marcxml:subfield code="j">Not Available</marcxml:subfield>
    <marcxml:subfield code="p">CU16308255</marcxml:subfield>
    <marcxml:subfield code="t">1</marcxml:subfield>
    <marcxml:subfield code="x">Open</marcxml:subfield>
    <marcxml:subfield code="z">CU</marcxml:subfield>
  </marcxml:datafield>
  <marcxml:datafield tag="876" ind1=" " ind2=" ">
    <marcxml:subfield code="0">4805707</marcxml:subfield>
    <marcxml:subfield code="3">Li Huang Memoirs</marcxml:subfield>
    <marcxml:subfield code="a">7216037</marcxml:subfield>
    <marcxml:subfield code="h">In Library Use</marcxml:subfield>
    <marcxml:subfield code="j">Available</marcxml:subfield>
    <marcxml:subfield code="p">CU16308697</marcxml:subfield>
    <marcxml:subfield code="t">1</marcxml:subfield>
    <marcxml:subfield code="x">Open</marcxml:subfield>
    <marcxml:subfield code="z">CU</marcxml:subfield>
  </marcxml:datafield>
  <marcxml:datafield tag="876" ind1=" " ind2=" ">
    <marcxml:subfield code="0">4805707</marcxml:subfield>
    <marcxml:subfield code="3">Wu Kuo-Cheng - Reminiscences, 1946-1953 [MN# 96-2054]</marcxml:subfield>
    <marcxml:subfield code="a">7216038</marcxml:subfield>
    <marcxml:subfield code="h">In Library Use</marcxml:subfield>
    <marcxml:subfield code="j">Available</marcxml:subfield>
    <marcxml:subfield code="p">CU16313704</marcxml:subfield>
    <marcxml:subfield code="t">1</marcxml:subfield>
    <marcxml:subfield code="x">Open</marcxml:subfield>
    <marcxml:subfield code="z">CU</marcxml:subfield>
  </marcxml:datafield>
  <marcxml:datafield tag="876" ind1=" " ind2=" ">
    <marcxml:subfield code="0">4805707</marcxml:subfield>
    <marcxml:subfield code="3">Wu Kuo-Chen "The Night Cometh..." [MN# 2000-9009]</marcxml:subfield>
    <marcxml:subfield code="a">7216039</marcxml:subfield>
    <marcxml:subfield code="h">In Library Use</marcxml:subfield>
    <marcxml:subfield code="j">Available</marcxml:subfield>
    <marcxml:subfield code="p">CU16314239</marcxml:subfield>
    <marcxml:subfield code="t">1</marcxml:subfield>
    <marcxml:subfield code="x">Open</marcxml:subfield>
    <marcxml:subfield code="z">CU</marcxml:subfield>
  </marcxml:datafield>
  <marcxml:datafield tag="876" ind1=" " ind2=" ">
    <marcxml:subfield code="0">4805707</marcxml:subfield>
    <marcxml:subfield code="3">Chang Chai-ao Autobiography Reel 1</marcxml:subfield>
    <marcxml:subfield code="a">7216040</marcxml:subfield>
    <marcxml:subfield code="h">In Library Use</marcxml:subfield>
    <marcxml:subfield code="j">Available</marcxml:subfield>
    <marcxml:subfield code="p">CU16314905</marcxml:subfield>
    <marcxml:subfield code="t">1</marcxml:subfield>
    <marcxml:subfield code="x">Open</marcxml:subfield>
    <marcxml:subfield code="z">CU</marcxml:subfield>
  </marcxml:datafield>
  <marcxml:datafield tag="876" ind1=" " ind2=" ">
    <marcxml:subfield code="0">4805707</marcxml:subfield>
    <marcxml:subfield code="3">Chang Chai-ao Autobiography Reel 1</marcxml:subfield>
    <marcxml:subfield code="a">7216041</marcxml:subfield>
    <marcxml:subfield code="h">In Library Use</marcxml:subfield>
    <marcxml:subfield code="j">Available</marcxml:subfield>
    <marcxml:subfield code="p">CU16314913</marcxml:subfield>
    <marcxml:subfield code="t">1</marcxml:subfield>
    <marcxml:subfield code="x">Open</marcxml:subfield>
    <marcxml:subfield code="z">CU</marcxml:subfield>
  </marcxml:datafield>
  <marcxml:datafield tag="876" ind1=" " ind2=" ">
    <marcxml:subfield code="0">4805707</marcxml:subfield>
    <marcxml:subfield code="3">Chang Fa-K'ue Papers and Fourth War Zone Papers Reel 1  Flash No. 1-5 (Diaries)</marcxml:subfield>
    <marcxml:subfield code="a">7216042</marcxml:subfield>
    <marcxml:subfield code="h">In Library Use</marcxml:subfield>
    <marcxml:subfield code="j">Not Available</marcxml:subfield>
    <marcxml:subfield code="p">CU16314891</marcxml:subfield>
    <marcxml:subfield code="t">1</marcxml:subfield>
    <marcxml:subfield code="x">Open</marcxml:subfield>
    <marcxml:subfield code="z">CU</marcxml:subfield>
  </marcxml:datafield>
  <marcxml:datafield tag="876" ind1=" " ind2=" ">
    <marcxml:subfield code="0">4805707</marcxml:subfield>
    <marcxml:subfield code="3">Chang Fa-K'ue Papers and Fourth War Zone Papers Reel 2  Flash No. 5-6</marcxml:subfield>
    <marcxml:subfield code="a">7216043</marcxml:subfield>
    <marcxml:subfield code="h">In Library Use</marcxml:subfield>
    <marcxml:subfield code="j">Not Available</marcxml:subfield>
    <marcxml:subfield code="p">CU16314883</marcxml:subfield>
    <marcxml:subfield code="t">1</marcxml:subfield>
    <marcxml:subfield code="x">Open</marcxml:subfield>
    <marcxml:subfield code="z">CU</marcxml:subfield>
  </marcxml:datafield>
  <marcxml:datafield tag="876" ind1=" " ind2=" ">
    <marcxml:subfield code="0">4805707</marcxml:subfield>
    <marcxml:subfield code="3">Chang Fa-K'ue Papers and Fourth War Zone Papers Reel 3  Flash No. 1, 2 (Diaries)</marcxml:subfield>
    <marcxml:subfield code="a">7216044</marcxml:subfield>
    <marcxml:subfield code="h">In Library Use</marcxml:subfield>
    <marcxml:subfield code="j">Not Available</marcxml:subfield>
    <marcxml:subfield code="p">CU16314875</marcxml:subfield>
    <marcxml:subfield code="t">1</marcxml:subfield>
    <marcxml:subfield code="x">Open</marcxml:subfield>
    <marcxml:subfield code="z">CU</marcxml:subfield>
  </marcxml:datafield>
</marcxml:record>
<marcxml:record>
  <marcxml:leader>01030mas a2200289 a 4500</marcxml:leader>
  <marcxml:controlfield tag="001">SCSB-3164900</marcxml:controlfield>
  <marcxml:controlfield tag="005">20100217072326.0</marcxml:controlfield>
  <marcxml:controlfield tag="008">940811c19949999ja fr p       0    0eng d</marcxml:controlfield>
  <marcxml:controlfield tag="009">1515487</marcxml:controlfield>
  <marcxml:datafield tag="022" ind1=" " ind2=" ">
    <marcxml:subfield code="a">1340-7155</marcxml:subfield>
  </marcxml:datafield>
  <marcxml:datafield tag="035" ind1=" " ind2=" ">
    <marcxml:subfield code="a">(OCoLC)31405394</marcxml:subfield>
  </marcxml:datafield>
  <marcxml:datafield tag="035" ind1=" " ind2=" ">
    <marcxml:subfield code="a">(OCoLC)ocm31405394</marcxml:subfield>
  </marcxml:datafield>
  <marcxml:datafield tag="035" ind1=" " ind2=" ">
    <marcxml:subfield code="a">(CStRLIN)NYCL94-S907</marcxml:subfield>
  </marcxml:datafield>
  <marcxml:datafield tag="035" ind1=" " ind2=" ">
    <marcxml:subfield code="9">AJU8362CU</marcxml:subfield>
  </marcxml:datafield>
  <marcxml:datafield tag="035" ind1=" " ind2=" ">
    <marcxml:subfield code="a">(NNC)1515487</marcxml:subfield>
  </marcxml:datafield>
  <marcxml:datafield tag="037" ind1=" " ind2=" ">
    <marcxml:subfield code="b">Information Center for Japanese studies, Institute of Social Science, University of Tokyo, 7-3-1 Hongo, Bunkyo-ku, Tokyo 113, Japan</marcxml:subfield>
  </marcxml:datafield>
  <marcxml:datafield tag="040" ind1=" " ind2=" ">
    <marcxml:subfield code="a">NNC-L</marcxml:subfield>
    <marcxml:subfield code="c">NNC-L</marcxml:subfield>
    <marcxml:subfield code="d">NNC</marcxml:subfield>
  </marcxml:datafield>
  <marcxml:datafield tag="043" ind1=" " ind2=" ">
    <marcxml:subfield code="a">a-ja---</marcxml:subfield>
  </marcxml:datafield>
  <marcxml:datafield tag="050" ind1=" " ind2="4">
    <marcxml:subfield code="a">H53.J3</marcxml:subfield>
    <marcxml:subfield code="b">S63</marcxml:subfield>
  </marcxml:datafield>
  <marcxml:datafield tag="245" ind1="0" ind2="0">
    <marcxml:subfield code="a">Social science Japan :</marcxml:subfield>
    <marcxml:subfield code="b">newsletter of the Information Center for Japanese Social Studies, Institute of Social Science, University of Tokyo.</marcxml:subfield>
  </marcxml:datafield>
  <marcxml:datafield tag="260" ind1=" " ind2=" ">
    <marcxml:subfield code="a">Tokyo, Japan :</marcxml:subfield>
    <marcxml:subfield code="b">The Center,</marcxml:subfield>
    <marcxml:subfield code="c">[1994-</marcxml:subfield>
  </marcxml:datafield>
  <marcxml:datafield tag="300" ind1=" " ind2=" ">
    <marcxml:subfield code="a">v. :</marcxml:subfield>
    <marcxml:subfield code="b">ill. ;</marcxml:subfield>
    <marcxml:subfield code="c">30 cm.</marcxml:subfield>
  </marcxml:datafield>
  <marcxml:datafield tag="310" ind1=" " ind2=" ">
    <marcxml:subfield code="a">Semiannual</marcxml:subfield>
  </marcxml:datafield>
  <marcxml:datafield tag="362" ind1="0" ind2=" ">
    <marcxml:subfield code="a">July 1994-</marcxml:subfield>
  </marcxml:datafield>
  <marcxml:datafield tag="500" ind1=" " ind2=" ">
    <marcxml:subfield code="a">Title from cover.</marcxml:subfield>
  </marcxml:datafield>
  <marcxml:datafield tag="650" ind1=" " ind2="0">
    <marcxml:subfield code="a">Social sciences</marcxml:subfield>
    <marcxml:subfield code="z">Japan</marcxml:subfield>
    <marcxml:subfield code="v">Periodicals.</marcxml:subfield>
  </marcxml:datafield>
  <marcxml:datafield tag="710" ind1="2" ind2=" ">
    <marcxml:subfield code="a">Tōkyō Daigaku.</marcxml:subfield>
    <marcxml:subfield code="b">Nihon Shakai Kenkyū Jōhō Sentā.</marcxml:subfield>
  </marcxml:datafield>
  <marcxml:datafield tag="900" ind1=" " ind2=" ">
    <marcxml:subfield code="a">AUTH</marcxml:subfield>
  </marcxml:datafield>
  <marcxml:datafield tag="959" ind1=" " ind2=" ">
    <marcxml:subfield code="a">2003-05-06 00:00:00 -0400</marcxml:subfield>
  </marcxml:datafield>
  <marcxml:datafield tag="852" ind1="0" ind2="1">
    <marcxml:subfield code="0">3147897</marcxml:subfield>
    <marcxml:subfield code="h">H53.J3</marcxml:subfield>
    <marcxml:subfield code="i">S63</marcxml:subfield>
    <marcxml:subfield code="x">add</marcxml:subfield>
    <marcxml:subfield code="x">[cnd]</marcxml:subfield>
    <marcxml:subfield code="b">scsbcul</marcxml:subfield>
  </marcxml:datafield>
  <marcxml:datafield tag="866" ind1="4" ind2="1">
    <marcxml:subfield code="0">3147897</marcxml:subfield>
    <marcxml:subfield code="8">0</marcxml:subfield>
    <marcxml:subfield code="a">no.1 (1994:July)-no.49 (2013), no.51 (2014)-no.57 (2017)</marcxml:subfield>
  </marcxml:datafield>
  <marcxml:datafield tag="876" ind1=" " ind2=" ">
    <marcxml:subfield code="0">3147897</marcxml:subfield>
    <marcxml:subfield code="3">no.1-5:1994:July-1995:Nov.</marcxml:subfield>
    <marcxml:subfield code="a">4826432</marcxml:subfield>
    <marcxml:subfield code="h"> </marcxml:subfield>
    <marcxml:subfield code="j">Available</marcxml:subfield>
    <marcxml:subfield code="p">CU05240131</marcxml:subfield>
    <marcxml:subfield code="t">1</marcxml:subfield>
    <marcxml:subfield code="x">Shared</marcxml:subfield>
    <marcxml:subfield code="z">CU</marcxml:subfield>
  </marcxml:datafield>
  <marcxml:datafield tag="876" ind1=" " ind2=" ">
    <marcxml:subfield code="0">3147897</marcxml:subfield>
    <marcxml:subfield code="3">no.6-7:1996</marcxml:subfield>
    <marcxml:subfield code="a">4826433</marcxml:subfield>
    <marcxml:subfield code="h"> </marcxml:subfield>
    <marcxml:subfield code="j">Available</marcxml:subfield>
    <marcxml:subfield code="p">CU05240140</marcxml:subfield>
    <marcxml:subfield code="t">1</marcxml:subfield>
    <marcxml:subfield code="x">Shared</marcxml:subfield>
    <marcxml:subfield code="z">CU</marcxml:subfield>
  </marcxml:datafield>
  <marcxml:datafield tag="876" ind1=" " ind2=" ">
    <marcxml:subfield code="0">3147897</marcxml:subfield>
    <marcxml:subfield code="3">no.8-14:1997-1998</marcxml:subfield>
    <marcxml:subfield code="a">4826434</marcxml:subfield>
    <marcxml:subfield code="h"> </marcxml:subfield>
    <marcxml:subfield code="j">Available</marcxml:subfield>
    <marcxml:subfield code="p">CU05240158</marcxml:subfield>
    <marcxml:subfield code="t">1</marcxml:subfield>
    <marcxml:subfield code="x">Shared</marcxml:subfield>
    <marcxml:subfield code="z">CU</marcxml:subfield>
  </marcxml:datafield>
  <marcxml:datafield tag="876" ind1=" " ind2=" ">
    <marcxml:subfield code="0">3147897</marcxml:subfield>
    <marcxml:subfield code="3">no.15-19:1999-2000</marcxml:subfield>
    <marcxml:subfield code="a">4826435</marcxml:subfield>
    <marcxml:subfield code="h"> </marcxml:subfield>
    <marcxml:subfield code="j">Available</marcxml:subfield>
    <marcxml:subfield code="p">CU09934944</marcxml:subfield>
    <marcxml:subfield code="t">1</marcxml:subfield>
    <marcxml:subfield code="x">Shared</marcxml:subfield>
    <marcxml:subfield code="z">EV</marcxml:subfield>
  </marcxml:datafield>
  <marcxml:datafield tag="876" ind1=" " ind2=" ">
    <marcxml:subfield code="0">3147897</marcxml:subfield>
    <marcxml:subfield code="3">20 (2001)</marcxml:subfield>
    <marcxml:subfield code="a">4826437</marcxml:subfield>
    <marcxml:subfield code="h"> </marcxml:subfield>
    <marcxml:subfield code="j">Available</marcxml:subfield>
    <marcxml:subfield code="p">CU90201060</marcxml:subfield>
    <marcxml:subfield code="t">1</marcxml:subfield>
    <marcxml:subfield code="x">Shared</marcxml:subfield>
    <marcxml:subfield code="z">CU</marcxml:subfield>
  </marcxml:datafield>
  <marcxml:datafield tag="876" ind1=" " ind2=" ">
    <marcxml:subfield code="0">3147897</marcxml:subfield>
    <marcxml:subfield code="3">no.25-27 (2003)</marcxml:subfield>
    <marcxml:subfield code="a">4826436</marcxml:subfield>
    <marcxml:subfield code="h"> </marcxml:subfield>
    <marcxml:subfield code="j">Available</marcxml:subfield>
    <marcxml:subfield code="p">CU90201086</marcxml:subfield>
    <marcxml:subfield code="t">1</marcxml:subfield>
    <marcxml:subfield code="x">Shared</marcxml:subfield>
    <marcxml:subfield code="z">CU</marcxml:subfield>
  </marcxml:datafield>
  <marcxml:datafield tag="876" ind1=" " ind2=" ">
    <marcxml:subfield code="0">3147897</marcxml:subfield>
    <marcxml:subfield code="3">no.21-22 (2001)</marcxml:subfield>
    <marcxml:subfield code="a">4826438</marcxml:subfield>
    <marcxml:subfield code="h"> </marcxml:subfield>
    <marcxml:subfield code="j">Available</marcxml:subfield>
    <marcxml:subfield code="p">CU90201051</marcxml:subfield>
    <marcxml:subfield code="t">1</marcxml:subfield>
    <marcxml:subfield code="x">Shared</marcxml:subfield>
    <marcxml:subfield code="z">CU</marcxml:subfield>
  </marcxml:datafield>
  <marcxml:datafield tag="876" ind1=" " ind2=" ">
    <marcxml:subfield code="0">3147897</marcxml:subfield>
    <marcxml:subfield code="3">no.23-24 (2002)</marcxml:subfield>
    <marcxml:subfield code="a">4826440</marcxml:subfield>
    <marcxml:subfield code="h"> </marcxml:subfield>
    <marcxml:subfield code="j">Available</marcxml:subfield>
    <marcxml:subfield code="p">CU90201078</marcxml:subfield>
    <marcxml:subfield code="t">1</marcxml:subfield>
    <marcxml:subfield code="x">Shared</marcxml:subfield>
    <marcxml:subfield code="z">CU</marcxml:subfield>
  </marcxml:datafield>
  <marcxml:datafield tag="876" ind1=" " ind2=" ">
    <marcxml:subfield code="0">3147897</marcxml:subfield>
    <marcxml:subfield code="3">no.28-30 (2004)</marcxml:subfield>
    <marcxml:subfield code="a">4826439</marcxml:subfield>
    <marcxml:subfield code="h"> </marcxml:subfield>
    <marcxml:subfield code="j">Available</marcxml:subfield>
    <marcxml:subfield code="p">CU90201043</marcxml:subfield>
    <marcxml:subfield code="t">1</marcxml:subfield>
    <marcxml:subfield code="x">Shared</marcxml:subfield>
    <marcxml:subfield code="z">CU</marcxml:subfield>
  </marcxml:datafield>
  <marcxml:datafield tag="876" ind1=" " ind2=" ">
    <marcxml:subfield code="0">3147897</marcxml:subfield>
    <marcxml:subfield code="3">no.31-33 (2005)</marcxml:subfield>
    <marcxml:subfield code="a">4826441</marcxml:subfield>
    <marcxml:subfield code="h"> </marcxml:subfield>
    <marcxml:subfield code="j">Available</marcxml:subfield>
    <marcxml:subfield code="p">CU15576698</marcxml:subfield>
    <marcxml:subfield code="t">1</marcxml:subfield>
    <marcxml:subfield code="x">Shared</marcxml:subfield>
    <marcxml:subfield code="z">CU</marcxml:subfield>
  </marcxml:datafield>
  <marcxml:datafield tag="876" ind1=" " ind2=" ">
    <marcxml:subfield code="0">3147897</marcxml:subfield>
    <marcxml:subfield code="3">no.34-35 (2006)</marcxml:subfield>
    <marcxml:subfield code="a">4826442</marcxml:subfield>
    <marcxml:subfield code="h"> </marcxml:subfield>
    <marcxml:subfield code="j">Available</marcxml:subfield>
    <marcxml:subfield code="p">CU16075110</marcxml:subfield>
    <marcxml:subfield code="t">1</marcxml:subfield>
    <marcxml:subfield code="x">Shared</marcxml:subfield>
    <marcxml:subfield code="z">CU</marcxml:subfield>
  </marcxml:datafield>
  <marcxml:datafield tag="876" ind1=" " ind2=" ">
    <marcxml:subfield code="0">3147897</marcxml:subfield>
    <marcxml:subfield code="3">no.36-37 (2007)</marcxml:subfield>
    <marcxml:subfield code="a">4826443</marcxml:subfield>
    <marcxml:subfield code="h"> </marcxml:subfield>
    <marcxml:subfield code="j">Available</marcxml:subfield>
    <marcxml:subfield code="p">CU16842146</marcxml:subfield>
    <marcxml:subfield code="t">1</marcxml:subfield>
    <marcxml:subfield code="x">Shared</marcxml:subfield>
    <marcxml:subfield code="z">CU</marcxml:subfield>
  </marcxml:datafield>
  <marcxml:datafield tag="876" ind1=" " ind2=" ">
    <marcxml:subfield code="0">3147897</marcxml:subfield>
    <marcxml:subfield code="3">no.38-39 (2008)</marcxml:subfield>
    <marcxml:subfield code="a">4826444</marcxml:subfield>
    <marcxml:subfield code="h"> </marcxml:subfield>
    <marcxml:subfield code="j">Available</marcxml:subfield>
    <marcxml:subfield code="p">CU17045215</marcxml:subfield>
    <marcxml:subfield code="t">1</marcxml:subfield>
    <marcxml:subfield code="x">Shared</marcxml:subfield>
    <marcxml:subfield code="z">CU</marcxml:subfield>
  </marcxml:datafield>
  <marcxml:datafield tag="876" ind1=" " ind2=" ">
    <marcxml:subfield code="0">3147897</marcxml:subfield>
    <marcxml:subfield code="3">no.40-41 (2009)</marcxml:subfield>
    <marcxml:subfield code="a">4826445</marcxml:subfield>
    <marcxml:subfield code="h"> </marcxml:subfield>
    <marcxml:subfield code="j">Available</marcxml:subfield>
    <marcxml:subfield code="p">CU17045207</marcxml:subfield>
    <marcxml:subfield code="t">1</marcxml:subfield>
    <marcxml:subfield code="x">Shared</marcxml:subfield>
    <marcxml:subfield code="z">CU</marcxml:subfield>
  </marcxml:datafield>
  <marcxml:datafield tag="876" ind1=" " ind2=" ">
    <marcxml:subfield code="0">3147897</marcxml:subfield>
    <marcxml:subfield code="3">no.42-43 (2010)</marcxml:subfield>
    <marcxml:subfield code="a">4826446</marcxml:subfield>
    <marcxml:subfield code="h"> </marcxml:subfield>
    <marcxml:subfield code="j">Available</marcxml:subfield>
    <marcxml:subfield code="p">CU17045193</marcxml:subfield>
    <marcxml:subfield code="t">1</marcxml:subfield>
    <marcxml:subfield code="x">Shared</marcxml:subfield>
    <marcxml:subfield code="z">CU</marcxml:subfield>
  </marcxml:datafield>
  <marcxml:datafield tag="876" ind1=" " ind2=" ">
    <marcxml:subfield code="0">3147897</marcxml:subfield>
    <marcxml:subfield code="3">no.44-45 (2011)</marcxml:subfield>
    <marcxml:subfield code="a">4826447</marcxml:subfield>
    <marcxml:subfield code="h"> </marcxml:subfield>
    <marcxml:subfield code="j">Available</marcxml:subfield>
    <marcxml:subfield code="p">CU90406540</marcxml:subfield>
    <marcxml:subfield code="t">1</marcxml:subfield>
    <marcxml:subfield code="x">Shared</marcxml:subfield>
    <marcxml:subfield code="z">CU</marcxml:subfield>
  </marcxml:datafield>
  <marcxml:datafield tag="876" ind1=" " ind2=" ">
    <marcxml:subfield code="0">3147897</marcxml:subfield>
    <marcxml:subfield code="3">no.46-49 (2012-2013)</marcxml:subfield>
    <marcxml:subfield code="a">4826448</marcxml:subfield>
    <marcxml:subfield code="h"> </marcxml:subfield>
    <marcxml:subfield code="j">Available</marcxml:subfield>
    <marcxml:subfield code="p">CU90521986</marcxml:subfield>
    <marcxml:subfield code="t">1</marcxml:subfield>
    <marcxml:subfield code="x">Shared</marcxml:subfield>
    <marcxml:subfield code="z">CU</marcxml:subfield>
  </marcxml:datafield>
  <marcxml:datafield tag="876" ind1=" " ind2=" ">
    <marcxml:subfield code="0">3147897</marcxml:subfield>
    <marcxml:subfield code="3">no.51-53 (2014-2015)</marcxml:subfield>
    <marcxml:subfield code="a">4826449</marcxml:subfield>
    <marcxml:subfield code="h"> </marcxml:subfield>
    <marcxml:subfield code="j">Available</marcxml:subfield>
    <marcxml:subfield code="p">CU90527909</marcxml:subfield>
    <marcxml:subfield code="t">1</marcxml:subfield>
    <marcxml:subfield code="x">Shared</marcxml:subfield>
    <marcxml:subfield code="z">CU</marcxml:subfield>
  </marcxml:datafield>
</marcxml:record>
</marcxml:collection>
