<?xml version="1.0" encoding="UTF-8"?><marcxml:collection xmlns:marcxml="http://www.loc.gov/MARC21/slim">
<marcxml:record>
  <marcxml:leader>01095sas a2200337 a 4500</marcxml:leader>
  <marcxml:controlfield tag="001">SCSB-4654500</marcxml:controlfield>
  <marcxml:controlfield tag="005">20100210195921.0</marcxml:controlfield>
  <marcxml:controlfield tag="008">020124c19919999cc mr p       0   e0chi  </marcxml:controlfield>
  <marcxml:controlfield tag="009">3890125</marcxml:controlfield>
  <marcxml:datafield tag="035" ind1=" " ind2=" ">
    <marcxml:subfield code="a">(OCoLC)502933853</marcxml:subfield>
  </marcxml:datafield>
  <marcxml:datafield tag="035" ind1=" " ind2=" ">
    <marcxml:subfield code="a">(OCoLC)ocn502933853</marcxml:subfield>
  </marcxml:datafield>
  <marcxml:datafield tag="035" ind1=" " ind2=" ">
    <marcxml:subfield code="a">(CStRLIN)NYCP02-S13</marcxml:subfield>
  </marcxml:datafield>
  <marcxml:datafield tag="035" ind1=" " ind2=" ">
    <marcxml:subfield code="a">(NNC)3890125</marcxml:subfield>
  </marcxml:datafield>
  <marcxml:datafield tag="040" ind1=" " ind2=" ">
    <marcxml:subfield code="a">DLC</marcxml:subfield>
    <marcxml:subfield code="c">DLC</marcxml:subfield>
    <marcxml:subfield code="d">CStRLIN</marcxml:subfield>
    <marcxml:subfield code="d">NjP-G</marcxml:subfield>
    <marcxml:subfield code="d">NNC</marcxml:subfield>
  </marcxml:datafield>
  <marcxml:datafield tag="043" ind1=" " ind2=" ">
    <marcxml:subfield code="a">a-cc---</marcxml:subfield>
  </marcxml:datafield>
  <marcxml:datafield tag="050" ind1="0" ind2=" ">
    <marcxml:subfield code="a">DS701</marcxml:subfield>
    <marcxml:subfield code="b">.Y46</marcxml:subfield>
  </marcxml:datafield>
  <marcxml:datafield tag="066" ind1=" " ind2=" ">
    <marcxml:subfield code="c">$1</marcxml:subfield>
  </marcxml:datafield>
  <marcxml:datafield tag="079" ind1=" " ind2=" ">
    <marcxml:subfield code="a">ocn502624898</marcxml:subfield>
  </marcxml:datafield>
  <marcxml:datafield tag="090" ind1=" " ind2=" ">
    <marcxml:subfield code="a">DS701</marcxml:subfield>
    <marcxml:subfield code="b">.Y46</marcxml:subfield>
    <marcxml:subfield code="h">12/31/99 N</marcxml:subfield>
  </marcxml:datafield>
  <marcxml:datafield tag="245" ind1="0" ind2="0">
    <marcxml:subfield code="6">880-01</marcxml:subfield>
    <marcxml:subfield code="a">Yan Huang chun qiu.</marcxml:subfield>
  </marcxml:datafield>
  <marcxml:datafield tag="246" ind1="1" ind2="3">
    <marcxml:subfield code="6">880-02</marcxml:subfield>
    <marcxml:subfield code="a">Yan Huang wen hua yan jiu</marcxml:subfield>
  </marcxml:datafield>
  <marcxml:datafield tag="260" ind1=" " ind2=" ">
    <marcxml:subfield code="6">880-03</marcxml:subfield>
    <marcxml:subfield code="a">Beijing :</marcxml:subfield>
    <marcxml:subfield code="b">Yan Huang chun qiu za zhi she,</marcxml:subfield>
  </marcxml:datafield>
  <marcxml:datafield tag="300" ind1=" " ind2=" ">
    <marcxml:subfield code="a">v. :</marcxml:subfield>
    <marcxml:subfield code="b">ill. ;</marcxml:subfield>
    <marcxml:subfield code="c">26 cm.</marcxml:subfield>
  </marcxml:datafield>
  <marcxml:datafield tag="310" ind1=" " ind2=" ">
    <marcxml:subfield code="a">Monthly</marcxml:subfield>
  </marcxml:datafield>
  <marcxml:datafield tag="362" ind1="1" ind2=" ">
    <marcxml:subfield code="a">Began in 1991.</marcxml:subfield>
  </marcxml:datafield>
  <marcxml:datafield tag="500" ind1=" " ind2=" ">
    <marcxml:subfield code="a">Description based on: Yan huang chun qiu zeng kan di 2 qi (1995 nian 6 yue [Jun. 1995]) ; title from cover.</marcxml:subfield>
  </marcxml:datafield>
  <marcxml:datafield tag="651" ind1=" " ind2="0">
    <marcxml:subfield code="a">China</marcxml:subfield>
    <marcxml:subfield code="v">Periodicals.</marcxml:subfield>
  </marcxml:datafield>
  <marcxml:datafield tag="880" ind1="0" ind2="0">
    <marcxml:subfield code="6">245-01/$1</marcxml:subfield>
    <marcxml:subfield code="a">炎黄　春秋．</marcxml:subfield>
  </marcxml:datafield>
  <marcxml:datafield tag="880" ind1="1" ind2="3">
    <marcxml:subfield code="6">246-02/$1</marcxml:subfield>
    <marcxml:subfield code="a">炎黄　文化　硏究</marcxml:subfield>
  </marcxml:datafield>
  <marcxml:datafield tag="880" ind1=" " ind2=" ">
    <marcxml:subfield code="6">260-03/$1</marcxml:subfield>
    <marcxml:subfield code="a">北京 :</marcxml:subfield>
    <marcxml:subfield code="b">炎黄　春秋　杂志社,</marcxml:subfield>
  </marcxml:datafield>
  <marcxml:datafield tag="987" ind1=" " ind2=" ">
    <marcxml:subfield code="a">PINYIN</marcxml:subfield>
    <marcxml:subfield code="b">CStRLIN</marcxml:subfield>
    <marcxml:subfield code="c">20010423</marcxml:subfield>
    <marcxml:subfield code="d">c</marcxml:subfield>
    <marcxml:subfield code="e">1.1</marcxml:subfield>
  </marcxml:datafield>
  <marcxml:datafield tag="900" ind1=" " ind2=" ">
    <marcxml:subfield code="a">AUTH</marcxml:subfield>
  </marcxml:datafield>
  <marcxml:datafield tag="959" ind1=" " ind2=" ">
    <marcxml:subfield code="a">2003-05-06 00:00:00 -0400</marcxml:subfield>
  </marcxml:datafield>
  <marcxml:datafield tag="852" ind1="0" ind2="1">
    <marcxml:subfield code="0">4662355</marcxml:subfield>
    <marcxml:subfield code="h">DS701.Y46</marcxml:subfield>
    <marcxml:subfield code="b">scsbcul</marcxml:subfield>
  </marcxml:datafield>
  <marcxml:datafield tag="866" ind1="4" ind2="1">
    <marcxml:subfield code="0">4662355</marcxml:subfield>
    <marcxml:subfield code="8">0</marcxml:subfield>
    <marcxml:subfield code="a">Zeng Kan no.1 (1994:Jul.)-no.6 (1999:Jun.),no.154 (2005:Jan.)-no.180 (2007:Mar.), no.182 (2007:May)-2017:no.12</marcxml:subfield>
  </marcxml:datafield>
  <marcxml:datafield tag="876" ind1=" " ind2=" ">
    <marcxml:subfield code="0">4662355</marcxml:subfield>
    <marcxml:subfield code="3">1994-1995</marcxml:subfield>
    <marcxml:subfield code="a">6858320</marcxml:subfield>
    <marcxml:subfield code="h"> </marcxml:subfield>
    <marcxml:subfield code="j">Available</marcxml:subfield>
    <marcxml:subfield code="p">CU06426239</marcxml:subfield>
    <marcxml:subfield code="t">1</marcxml:subfield>
    <marcxml:subfield code="x">Shared</marcxml:subfield>
    <marcxml:subfield code="z">EV</marcxml:subfield>
  </marcxml:datafield>
  <marcxml:datafield tag="876" ind1=" " ind2=" ">
    <marcxml:subfield code="0">4662355</marcxml:subfield>
    <marcxml:subfield code="3">1996-1997</marcxml:subfield>
    <marcxml:subfield code="a">6858321</marcxml:subfield>
    <marcxml:subfield code="h"> </marcxml:subfield>
    <marcxml:subfield code="j">Available</marcxml:subfield>
    <marcxml:subfield code="p">CU07019173</marcxml:subfield>
    <marcxml:subfield code="t">1</marcxml:subfield>
    <marcxml:subfield code="x">Shared</marcxml:subfield>
    <marcxml:subfield code="z">EV</marcxml:subfield>
  </marcxml:datafield>
  <marcxml:datafield tag="876" ind1=" " ind2=" ">
    <marcxml:subfield code="0">4662355</marcxml:subfield>
    <marcxml:subfield code="3">1998-1999</marcxml:subfield>
    <marcxml:subfield code="a">6858322</marcxml:subfield>
    <marcxml:subfield code="h"> </marcxml:subfield>
    <marcxml:subfield code="j">Available</marcxml:subfield>
    <marcxml:subfield code="p">CU11129263</marcxml:subfield>
    <marcxml:subfield code="t">1</marcxml:subfield>
    <marcxml:subfield code="x">Shared</marcxml:subfield>
    <marcxml:subfield code="z">EV</marcxml:subfield>
  </marcxml:datafield>
  <marcxml:datafield tag="876" ind1=" " ind2=" ">
    <marcxml:subfield code="0">4662355</marcxml:subfield>
    <marcxml:subfield code="3">154-159 (2005:Jan.-June)</marcxml:subfield>
    <marcxml:subfield code="a">6858323</marcxml:subfield>
    <marcxml:subfield code="h"> </marcxml:subfield>
    <marcxml:subfield code="j">Available</marcxml:subfield>
    <marcxml:subfield code="p">CU13257749</marcxml:subfield>
    <marcxml:subfield code="t">1</marcxml:subfield>
    <marcxml:subfield code="x">Shared</marcxml:subfield>
    <marcxml:subfield code="z">CU</marcxml:subfield>
  </marcxml:datafield>
  <marcxml:datafield tag="876" ind1=" " ind2=" ">
    <marcxml:subfield code="0">4662355</marcxml:subfield>
    <marcxml:subfield code="3">160-165 (2005:July-Dec.)</marcxml:subfield>
    <marcxml:subfield code="a">6858324</marcxml:subfield>
    <marcxml:subfield code="h"> </marcxml:subfield>
    <marcxml:subfield code="j">Available</marcxml:subfield>
    <marcxml:subfield code="p">CU13257757</marcxml:subfield>
    <marcxml:subfield code="t">1</marcxml:subfield>
    <marcxml:subfield code="x">Shared</marcxml:subfield>
    <marcxml:subfield code="z">CU</marcxml:subfield>
  </marcxml:datafield>
  <marcxml:datafield tag="876" ind1=" " ind2=" ">
    <marcxml:subfield code="0">4662355</marcxml:subfield>
    <marcxml:subfield code="3">166-171 (2006:Jan.-June)</marcxml:subfield>
    <marcxml:subfield code="a">6858325</marcxml:subfield>
    <marcxml:subfield code="h"> </marcxml:subfield>
    <marcxml:subfield code="j">Available</marcxml:subfield>
    <marcxml:subfield code="p">CU15926532</marcxml:subfield>
    <marcxml:subfield code="t">1</marcxml:subfield>
    <marcxml:subfield code="x">Shared</marcxml:subfield>
    <marcxml:subfield code="z">CU</marcxml:subfield>
  </marcxml:datafield>
  <marcxml:datafield tag="876" ind1=" " ind2=" ">
    <marcxml:subfield code="0">4662355</marcxml:subfield>
    <marcxml:subfield code="3">172-177 (2006:July-Dec.)</marcxml:subfield>
    <marcxml:subfield code="a">6858326</marcxml:subfield>
    <marcxml:subfield code="h"> </marcxml:subfield>
    <marcxml:subfield code="j">Available</marcxml:subfield>
    <marcxml:subfield code="p">CU15926524</marcxml:subfield>
    <marcxml:subfield code="t">1</marcxml:subfield>
    <marcxml:subfield code="x">Shared</marcxml:subfield>
    <marcxml:subfield code="z">CU</marcxml:subfield>
  </marcxml:datafield>
  <marcxml:datafield tag="876" ind1=" " ind2=" ">
    <marcxml:subfield code="0">4662355</marcxml:subfield>
    <marcxml:subfield code="3">190-195 (2008:Jan.-June)</marcxml:subfield>
    <marcxml:subfield code="a">6858328</marcxml:subfield>
    <marcxml:subfield code="h"> </marcxml:subfield>
    <marcxml:subfield code="j">Available</marcxml:subfield>
    <marcxml:subfield code="p">CU16835131</marcxml:subfield>
    <marcxml:subfield code="t">1</marcxml:subfield>
    <marcxml:subfield code="x">Shared</marcxml:subfield>
    <marcxml:subfield code="z">CU</marcxml:subfield>
  </marcxml:datafield>
  <marcxml:datafield tag="876" ind1=" " ind2=" ">
    <marcxml:subfield code="0">4662355</marcxml:subfield>
    <marcxml:subfield code="3">196-201 (2008:July-Dec.)</marcxml:subfield>
    <marcxml:subfield code="a">6858329</marcxml:subfield>
    <marcxml:subfield code="h"> </marcxml:subfield>
    <marcxml:subfield code="j">Available</marcxml:subfield>
    <marcxml:subfield code="p">CU16836251</marcxml:subfield>
    <marcxml:subfield code="t">1</marcxml:subfield>
    <marcxml:subfield code="x">Shared</marcxml:subfield>
    <marcxml:subfield code="z">CU</marcxml:subfield>
  </marcxml:datafield>
  <marcxml:datafield tag="876" ind1=" " ind2=" ">
    <marcxml:subfield code="0">4662355</marcxml:subfield>
    <marcxml:subfield code="3">178-180, 182-189 (2007:Jan.-Mar., May-Dec.)</marcxml:subfield>
    <marcxml:subfield code="a">6858327</marcxml:subfield>
    <marcxml:subfield code="h"> </marcxml:subfield>
    <marcxml:subfield code="j">Available</marcxml:subfield>
    <marcxml:subfield code="p">CU16093640</marcxml:subfield>
    <marcxml:subfield code="t">1</marcxml:subfield>
    <marcxml:subfield code="x">Shared</marcxml:subfield>
    <marcxml:subfield code="z">CU</marcxml:subfield>
  </marcxml:datafield>
  <marcxml:datafield tag="876" ind1=" " ind2=" ">
    <marcxml:subfield code="0">4662355</marcxml:subfield>
    <marcxml:subfield code="3">no.202-207 (2009:Jan.-June)</marcxml:subfield>
    <marcxml:subfield code="a">6858330</marcxml:subfield>
    <marcxml:subfield code="h"> </marcxml:subfield>
    <marcxml:subfield code="j">Available</marcxml:subfield>
    <marcxml:subfield code="p">CU17657970</marcxml:subfield>
    <marcxml:subfield code="t">1</marcxml:subfield>
    <marcxml:subfield code="x">Shared</marcxml:subfield>
    <marcxml:subfield code="z">CU</marcxml:subfield>
  </marcxml:datafield>
  <marcxml:datafield tag="876" ind1=" " ind2=" ">
    <marcxml:subfield code="0">4662355</marcxml:subfield>
    <marcxml:subfield code="3">208-213 (2009:July-Dec.)</marcxml:subfield>
    <marcxml:subfield code="a">6858331</marcxml:subfield>
    <marcxml:subfield code="h"> </marcxml:subfield>
    <marcxml:subfield code="j">Available</marcxml:subfield>
    <marcxml:subfield code="p">CU17657725</marcxml:subfield>
    <marcxml:subfield code="t">1</marcxml:subfield>
    <marcxml:subfield code="x">Shared</marcxml:subfield>
    <marcxml:subfield code="z">CU</marcxml:subfield>
  </marcxml:datafield>
  <marcxml:datafield tag="876" ind1=" " ind2=" ">
    <marcxml:subfield code="0">4662355</marcxml:subfield>
    <marcxml:subfield code="3">no.1-12 2010</marcxml:subfield>
    <marcxml:subfield code="a">6858332</marcxml:subfield>
    <marcxml:subfield code="h"> </marcxml:subfield>
    <marcxml:subfield code="j">Available</marcxml:subfield>
    <marcxml:subfield code="p">CU17657733</marcxml:subfield>
    <marcxml:subfield code="t">1</marcxml:subfield>
    <marcxml:subfield code="x">Shared</marcxml:subfield>
    <marcxml:subfield code="z">CU</marcxml:subfield>
  </marcxml:datafield>
  <marcxml:datafield tag="876" ind1=" " ind2=" ">
    <marcxml:subfield code="0">4662355</marcxml:subfield>
    <marcxml:subfield code="3">2011:no.1-6</marcxml:subfield>
    <marcxml:subfield code="a">6858333</marcxml:subfield>
    <marcxml:subfield code="h"> </marcxml:subfield>
    <marcxml:subfield code="j">Available</marcxml:subfield>
    <marcxml:subfield code="p">CU90408586</marcxml:subfield>
    <marcxml:subfield code="t">1</marcxml:subfield>
    <marcxml:subfield code="x">Shared</marcxml:subfield>
    <marcxml:subfield code="z">CU</marcxml:subfield>
  </marcxml:datafield>
  <marcxml:datafield tag="876" ind1=" " ind2=" ">
    <marcxml:subfield code="0">4662355</marcxml:subfield>
    <marcxml:subfield code="3">2011:no.7-12</marcxml:subfield>
    <marcxml:subfield code="a">6858334</marcxml:subfield>
    <marcxml:subfield code="h"> </marcxml:subfield>
    <marcxml:subfield code="j">Available</marcxml:subfield>
    <marcxml:subfield code="p">CU90461240</marcxml:subfield>
    <marcxml:subfield code="t">1</marcxml:subfield>
    <marcxml:subfield code="x">Shared</marcxml:subfield>
    <marcxml:subfield code="z">CU</marcxml:subfield>
  </marcxml:datafield>
  <marcxml:datafield tag="876" ind1=" " ind2=" ">
    <marcxml:subfield code="0">4662355</marcxml:subfield>
    <marcxml:subfield code="3">2012:no.1-12</marcxml:subfield>
    <marcxml:subfield code="a">6858335</marcxml:subfield>
    <marcxml:subfield code="h"> </marcxml:subfield>
    <marcxml:subfield code="j">Available</marcxml:subfield>
    <marcxml:subfield code="p">CU90464699</marcxml:subfield>
    <marcxml:subfield code="t">1</marcxml:subfield>
    <marcxml:subfield code="x">Shared</marcxml:subfield>
    <marcxml:subfield code="z">CU</marcxml:subfield>
  </marcxml:datafield>
  <marcxml:datafield tag="876" ind1=" " ind2=" ">
    <marcxml:subfield code="0">4662355</marcxml:subfield>
    <marcxml:subfield code="3">2013:no.1-6</marcxml:subfield>
    <marcxml:subfield code="a">6858336</marcxml:subfield>
    <marcxml:subfield code="h"> </marcxml:subfield>
    <marcxml:subfield code="j">Available</marcxml:subfield>
    <marcxml:subfield code="p">CU90602714</marcxml:subfield>
    <marcxml:subfield code="t">1</marcxml:subfield>
    <marcxml:subfield code="x">Shared</marcxml:subfield>
    <marcxml:subfield code="z">CU</marcxml:subfield>
  </marcxml:datafield>
  <marcxml:datafield tag="876" ind1=" " ind2=" ">
    <marcxml:subfield code="0">4662355</marcxml:subfield>
    <marcxml:subfield code="3">2013:no.7-12</marcxml:subfield>
    <marcxml:subfield code="a">6858337</marcxml:subfield>
    <marcxml:subfield code="h"> </marcxml:subfield>
    <marcxml:subfield code="j">Available</marcxml:subfield>
    <marcxml:subfield code="p">CU90557344</marcxml:subfield>
    <marcxml:subfield code="t">1</marcxml:subfield>
    <marcxml:subfield code="x">Shared</marcxml:subfield>
    <marcxml:subfield code="z">CU</marcxml:subfield>
  </marcxml:datafield>
  <marcxml:datafield tag="876" ind1=" " ind2=" ">
    <marcxml:subfield code="0">4662355</marcxml:subfield>
    <marcxml:subfield code="3">2014:no.1-6</marcxml:subfield>
    <marcxml:subfield code="a">6858338</marcxml:subfield>
    <marcxml:subfield code="h"> </marcxml:subfield>
    <marcxml:subfield code="j">Available</marcxml:subfield>
    <marcxml:subfield code="p">CU90517750</marcxml:subfield>
    <marcxml:subfield code="t">1</marcxml:subfield>
    <marcxml:subfield code="x">Shared</marcxml:subfield>
    <marcxml:subfield code="z">CU</marcxml:subfield>
  </marcxml:datafield>
  <marcxml:datafield tag="876" ind1=" " ind2=" ">
    <marcxml:subfield code="0">4662355</marcxml:subfield>
    <marcxml:subfield code="3">2014:no.7-12</marcxml:subfield>
    <marcxml:subfield code="a">6858339</marcxml:subfield>
    <marcxml:subfield code="h"> </marcxml:subfield>
    <marcxml:subfield code="j">Available</marcxml:subfield>
    <marcxml:subfield code="p">CU90714849</marcxml:subfield>
    <marcxml:subfield code="t">1</marcxml:subfield>
    <marcxml:subfield code="x">Shared</marcxml:subfield>
    <marcxml:subfield code="z">CU</marcxml:subfield>
  </marcxml:datafield>
  <marcxml:datafield tag="876" ind1=" " ind2=" ">
    <marcxml:subfield code="0">4662355</marcxml:subfield>
    <marcxml:subfield code="3">2015:no.1-12</marcxml:subfield>
    <marcxml:subfield code="a">6858340</marcxml:subfield>
    <marcxml:subfield code="h"> </marcxml:subfield>
    <marcxml:subfield code="j">Available</marcxml:subfield>
    <marcxml:subfield code="p">CU90673875</marcxml:subfield>
    <marcxml:subfield code="t">1</marcxml:subfield>
    <marcxml:subfield code="x">Shared</marcxml:subfield>
    <marcxml:subfield code="z">CU</marcxml:subfield>
  </marcxml:datafield>
  <marcxml:datafield tag="876" ind1=" " ind2=" ">
    <marcxml:subfield code="0">4662355</marcxml:subfield>
    <marcxml:subfield code="3">2016:no.1-6</marcxml:subfield>
    <marcxml:subfield code="a">6858341</marcxml:subfield>
    <marcxml:subfield code="h"> </marcxml:subfield>
    <marcxml:subfield code="j">Available</marcxml:subfield>
    <marcxml:subfield code="p">CU90682084</marcxml:subfield>
    <marcxml:subfield code="t">1</marcxml:subfield>
    <marcxml:subfield code="x">Shared</marcxml:subfield>
    <marcxml:subfield code="z">CU</marcxml:subfield>
  </marcxml:datafield>
  <marcxml:datafield tag="876" ind1=" " ind2=" ">
    <marcxml:subfield code="0">4662355</marcxml:subfield>
    <marcxml:subfield code="3">2016:no.7-12</marcxml:subfield>
    <marcxml:subfield code="a">14571732</marcxml:subfield>
    <marcxml:subfield code="h"> </marcxml:subfield>
    <marcxml:subfield code="j">Available</marcxml:subfield>
    <marcxml:subfield code="p">CU90746465</marcxml:subfield>
    <marcxml:subfield code="t">1</marcxml:subfield>
    <marcxml:subfield code="x">Shared</marcxml:subfield>
    <marcxml:subfield code="z">CU</marcxml:subfield>
  </marcxml:datafield>
  <marcxml:datafield tag="876" ind1=" " ind2=" ">
    <marcxml:subfield code="0">4662355</marcxml:subfield>
    <marcxml:subfield code="3">2017:no.1-6</marcxml:subfield>
    <marcxml:subfield code="a">14718147</marcxml:subfield>
    <marcxml:subfield code="h"> </marcxml:subfield>
    <marcxml:subfield code="j">Available</marcxml:subfield>
    <marcxml:subfield code="p">CU90822595</marcxml:subfield>
    <marcxml:subfield code="t">1</marcxml:subfield>
    <marcxml:subfield code="x">Shared</marcxml:subfield>
    <marcxml:subfield code="z">CU</marcxml:subfield>
  </marcxml:datafield>
</marcxml:record>
<marcxml:record>
  <marcxml:leader>01547cam a2200385 i 4500</marcxml:leader>
  <marcxml:controlfield tag="001">SCSB-9074545</marcxml:controlfield>
  <marcxml:controlfield tag="003">NNC</marcxml:controlfield>
  <marcxml:controlfield tag="005">20180813085800.0</marcxml:controlfield>
  <marcxml:controlfield tag="008">170708s2017    bw a          000 p rus c</marcxml:controlfield>
  <marcxml:controlfield tag="009">13016118</marcxml:controlfield>
  <marcxml:datafield tag="035" ind1=" " ind2=" ">
    <marcxml:subfield code="a">(OCoLC)on1048398805</marcxml:subfield>
  </marcxml:datafield>
  <marcxml:datafield tag="040" ind1=" " ind2=" ">
    <marcxml:subfield code="a">ZCU</marcxml:subfield>
    <marcxml:subfield code="b">eng</marcxml:subfield>
    <marcxml:subfield code="e">rda</marcxml:subfield>
    <marcxml:subfield code="c">ZCU</marcxml:subfield>
    <marcxml:subfield code="d">ZCU</marcxml:subfield>
  </marcxml:datafield>
  <marcxml:datafield tag="020" ind1=" " ind2=" ">
    <marcxml:subfield code="a">9789857030361</marcxml:subfield>
  </marcxml:datafield>
  <marcxml:datafield tag="020" ind1=" " ind2=" ">
    <marcxml:subfield code="a">985703036X</marcxml:subfield>
  </marcxml:datafield>
  <marcxml:datafield tag="035" ind1=" " ind2=" ">
    <marcxml:subfield code="a">(OCoLC)1048398805</marcxml:subfield>
  </marcxml:datafield>
  <marcxml:datafield tag="042" ind1=" " ind2=" ">
    <marcxml:subfield code="a">pcc</marcxml:subfield>
  </marcxml:datafield>
  <marcxml:datafield tag="050" ind1=" " ind2="4">
    <marcxml:subfield code="a">PG3493.92.S56</marcxml:subfield>
    <marcxml:subfield code="b">P64 2017</marcxml:subfield>
  </marcxml:datafield>
  <marcxml:datafield tag="049" ind1=" " ind2=" ">
    <marcxml:subfield code="a">ZCUA</marcxml:subfield>
  </marcxml:datafield>
  <marcxml:datafield tag="100" ind1="1" ind2=" ">
    <marcxml:subfield code="6">880-01</marcxml:subfield>
    <marcxml:subfield code="a">Zaslonova, Iza,</marcxml:subfield>
    <marcxml:subfield code="e">author.</marcxml:subfield>
  </marcxml:datafield>
  <marcxml:datafield tag="240" ind1="1" ind2="0">
    <marcxml:subfield code="a">Poems.</marcxml:subfield>
    <marcxml:subfield code="k">Selections</marcxml:subfield>
  </marcxml:datafield>
  <marcxml:datafield tag="245" ind1="1" ind2="0">
    <marcxml:subfield code="6">880-02</marcxml:subfield>
    <marcxml:subfield code="a">Poėzy :</marcxml:subfield>
    <marcxml:subfield code="b">literaturno-graficheskiĭ alʹbom /</marcxml:subfield>
    <marcxml:subfield code="c">Iza Zaslonova ; khudozhnik Leonid Galʹperin.</marcxml:subfield>
  </marcxml:datafield>
  <marcxml:datafield tag="264" ind1=" " ind2="1">
    <marcxml:subfield code="6">880-03</marcxml:subfield>
    <marcxml:subfield code="a">Minsk :</marcxml:subfield>
    <marcxml:subfield code="b">Izdatelʹ Vladimir Sivchikov,</marcxml:subfield>
    <marcxml:subfield code="c">2017.</marcxml:subfield>
  </marcxml:datafield>
  <marcxml:datafield tag="300" ind1=" " ind2=" ">
    <marcxml:subfield code="a">167 pages :</marcxml:subfield>
    <marcxml:subfield code="b">illustrations ;</marcxml:subfield>
    <marcxml:subfield code="c">22 x 30 cm</marcxml:subfield>
  </marcxml:datafield>
  <marcxml:datafield tag="336" ind1=" " ind2=" ">
    <marcxml:subfield code="a">text</marcxml:subfield>
    <marcxml:subfield code="b">txt</marcxml:subfield>
    <marcxml:subfield code="2">rdacontent</marcxml:subfield>
  </marcxml:datafield>
  <marcxml:datafield tag="336" ind1=" " ind2=" ">
    <marcxml:subfield code="a">still image</marcxml:subfield>
    <marcxml:subfield code="b">sti</marcxml:subfield>
    <marcxml:subfield code="2">rdacontent</marcxml:subfield>
  </marcxml:datafield>
  <marcxml:datafield tag="337" ind1=" " ind2=" ">
    <marcxml:subfield code="a">unmediated</marcxml:subfield>
    <marcxml:subfield code="b">n</marcxml:subfield>
    <marcxml:subfield code="2">rdamedia</marcxml:subfield>
  </marcxml:datafield>
  <marcxml:datafield tag="338" ind1=" " ind2=" ">
    <marcxml:subfield code="a">volume</marcxml:subfield>
    <marcxml:subfield code="b">nc</marcxml:subfield>
    <marcxml:subfield code="2">rdacarrier</marcxml:subfield>
  </marcxml:datafield>
  <marcxml:datafield tag="653" ind1="0" ind2=" ">
    <marcxml:subfield code="a">Belarus. Byelorussian S.S.R. White Russia.</marcxml:subfield>
  </marcxml:datafield>
  <marcxml:datafield tag="653" ind1="0" ind2=" ">
    <marcxml:subfield code="a">Drawing. Design. Illustration.</marcxml:subfield>
  </marcxml:datafield>
  <marcxml:datafield tag="653" ind1="0" ind2=" ">
    <marcxml:subfield code="a">Literature (General)</marcxml:subfield>
  </marcxml:datafield>
  <marcxml:datafield tag="653" ind1="0" ind2=" ">
    <marcxml:subfield code="a">Poetry.</marcxml:subfield>
  </marcxml:datafield>
  <marcxml:datafield tag="700" ind1="1" ind2=" ">
    <marcxml:subfield code="6">880-04</marcxml:subfield>
    <marcxml:subfield code="a">Galʹperin, Leonid,</marcxml:subfield>
    <marcxml:subfield code="d">1938-</marcxml:subfield>
    <marcxml:subfield code="e">artist.</marcxml:subfield>
  </marcxml:datafield>
  <marcxml:datafield tag="880" ind1="1" ind2=" ">
    <marcxml:subfield code="6">100-01</marcxml:subfield>
    <marcxml:subfield code="a">Заслонова, Иза,</marcxml:subfield>
    <marcxml:subfield code="e">author.</marcxml:subfield>
  </marcxml:datafield>
  <marcxml:datafield tag="880" ind1="1" ind2="0">
    <marcxml:subfield code="6">245-02</marcxml:subfield>
    <marcxml:subfield code="a">Поэзы :</marcxml:subfield>
    <marcxml:subfield code="b">литературно-графический альбом /</marcxml:subfield>
    <marcxml:subfield code="c">Иза Заслонова ; художник Леонид Гальперин.</marcxml:subfield>
  </marcxml:datafield>
  <marcxml:datafield tag="880" ind1=" " ind2="1">
    <marcxml:subfield code="6">264-03</marcxml:subfield>
    <marcxml:subfield code="a">Минск :</marcxml:subfield>
    <marcxml:subfield code="b">Издатель Владимир Сивчиков,</marcxml:subfield>
    <marcxml:subfield code="c">2017.</marcxml:subfield>
  </marcxml:datafield>
  <marcxml:datafield tag="880" ind1="1" ind2=" ">
    <marcxml:subfield code="6">700-04</marcxml:subfield>
    <marcxml:subfield code="a">Гальперин, Леонид,</marcxml:subfield>
    <marcxml:subfield code="d">1938-</marcxml:subfield>
    <marcxml:subfield code="e">artist.</marcxml:subfield>
  </marcxml:datafield>
  <marcxml:datafield tag="852" ind1="0" ind2="0">
    <marcxml:subfield code="h">PG3493.92.S56 P64 2017g</marcxml:subfield>
    <marcxml:subfield code="0">9307200</marcxml:subfield>
    <marcxml:subfield code="b">scsbcul</marcxml:subfield>
  </marcxml:datafield>
  <marcxml:datafield tag="876" ind1=" " ind2=" ">
    <marcxml:subfield code="0">9307200</marcxml:subfield>
    <marcxml:subfield code="3"/>
    <marcxml:subfield code="a">14954415</marcxml:subfield>
    <marcxml:subfield code="h"> </marcxml:subfield>
    <marcxml:subfield code="j">Available</marcxml:subfield>
    <marcxml:subfield code="p">CU26234122</marcxml:subfield>
    <marcxml:subfield code="t">1</marcxml:subfield>
    <marcxml:subfield code="x">Shared</marcxml:subfield>
    <marcxml:subfield code="z">CU</marcxml:subfield>
  </marcxml:datafield>
</marcxml:record>
</marcxml:collection>
