<?xml version="1.0" encoding="UTF-8"?><marcxml:collection xmlns:marcxml="http://www.loc.gov/MARC21/slim">
  <marcxml:record>
    <marcxml:leader>01489cam a2200385Mi 4500</marcxml:leader>
    <marcxml:controlfield tag="001">SCSB-9776038</marcxml:controlfield>
    <marcxml:controlfield tag="003">NNC</marcxml:controlfield>
    <marcxml:controlfield tag="005">20201120152958.0</marcxml:controlfield>
    <marcxml:controlfield tag="008">171205s2017    ii a          000 0 tibod</marcxml:controlfield>
    <marcxml:controlfield tag="009">13231685</marcxml:controlfield>
    <marcxml:datafield tag="035" ind1=" " ind2=" ">
      <marcxml:subfield code="a">(OCoLC)on1015884661</marcxml:subfield>
    </marcxml:datafield>
    <marcxml:datafield tag="040" ind1=" " ind2=" ">
      <marcxml:subfield code="a">DKAGE</marcxml:subfield>
      <marcxml:subfield code="b">eng</marcxml:subfield>
      <marcxml:subfield code="e">rda</marcxml:subfield>
      <marcxml:subfield code="c">DKAGE</marcxml:subfield>
      <marcxml:subfield code="d">OCLCO</marcxml:subfield>
      <marcxml:subfield code="d">OCLCF</marcxml:subfield>
      <marcxml:subfield code="d">OCLCQ</marcxml:subfield>
      <marcxml:subfield code="d">OCLCO</marcxml:subfield>
      <marcxml:subfield code="d">ZCU</marcxml:subfield>
    </marcxml:datafield>
    <marcxml:datafield tag="020" ind1=" " ind2=" ">
      <marcxml:subfield code="a">9788192161501</marcxml:subfield>
      <marcxml:subfield code="q">(hardback)</marcxml:subfield>
    </marcxml:datafield>
    <marcxml:datafield tag="020" ind1=" " ind2=" ">
      <marcxml:subfield code="a">8192161501</marcxml:subfield>
    </marcxml:datafield>
    <marcxml:datafield tag="035" ind1=" " ind2=" ">
      <marcxml:subfield code="a">(OCoLC)1015884661</marcxml:subfield>
    </marcxml:datafield>
    <marcxml:datafield tag="050" ind1=" " ind2="4">
      <marcxml:subfield code="a">BQ922</marcxml:subfield>
      <marcxml:subfield code="b">.D56 2017</marcxml:subfield>
    </marcxml:datafield>
    <marcxml:datafield tag="082" ind1="0" ind2="4">
      <marcxml:subfield code="a">294.363</marcxml:subfield>
      <marcxml:subfield code="2">23</marcxml:subfield>
    </marcxml:datafield>
    <marcxml:datafield tag="049" ind1=" " ind2=" ">
      <marcxml:subfield code="a">ZCUA</marcxml:subfield>
    </marcxml:datafield>
    <marcxml:datafield tag="100" ind1="0" ind2=" ">
      <marcxml:subfield code="a">Dkon-mchog-bstan-ʼdzin-ʼphrin-las-lhun-ʼgrub,</marcxml:subfield>
      <marcxml:subfield code="c">ʼBri-gung Skyabs-mgon Che-tshang VII,</marcxml:subfield>
      <marcxml:subfield code="e">author.</marcxml:subfield>
    </marcxml:datafield>
    <marcxml:datafield tag="245" ind1="1" ind2="0">
      <marcxml:subfield code="a">ʼBri gung skyob paʼi zhabs rjes gser thang ma bzhugs so /</marcxml:subfield>
      <marcxml:subfield code="c">ʼBri-gung Skyabs-mgon ʼphrin-las-lhun-grub kyis brtsams.</marcxml:subfield>
    </marcxml:datafield>
    <marcxml:datafield tag="250" ind1=" " ind2=" ">
      <marcxml:subfield code="a">First edition.</marcxml:subfield>
    </marcxml:datafield>
    <marcxml:datafield tag="264" ind1=" " ind2="1">
      <marcxml:subfield code="a">Dehradun :</marcxml:subfield>
      <marcxml:subfield code="b">Songtsen Library,</marcxml:subfield>
      <marcxml:subfield code="c">[2017]</marcxml:subfield>
    </marcxml:datafield>
    <marcxml:datafield tag="300" ind1=" " ind2=" ">
      <marcxml:subfield code="a">99 pages :</marcxml:subfield>
      <marcxml:subfield code="b">illustrations (colour) ;</marcxml:subfield>
      <marcxml:subfield code="c">23 cm</marcxml:subfield>
    </marcxml:datafield>
    <marcxml:datafield tag="336" ind1=" " ind2=" ">
      <marcxml:subfield code="a">text</marcxml:subfield>
      <marcxml:subfield code="b">txt</marcxml:subfield>
      <marcxml:subfield code="2">rdacontent</marcxml:subfield>
    </marcxml:datafield>
    <marcxml:datafield tag="337" ind1=" " ind2=" ">
      <marcxml:subfield code="a">unmediated</marcxml:subfield>
      <marcxml:subfield code="b">n</marcxml:subfield>
      <marcxml:subfield code="2">rdamedia</marcxml:subfield>
    </marcxml:datafield>
    <marcxml:datafield tag="338" ind1=" " ind2=" ">
      <marcxml:subfield code="a">volume</marcxml:subfield>
      <marcxml:subfield code="b">nc</marcxml:subfield>
      <marcxml:subfield code="2">rdacarrier</marcxml:subfield>
    </marcxml:datafield>
    <marcxml:datafield tag="520" ind1=" " ind2=" ">
      <marcxml:subfield code="a">On Buddha footprints and Tibetan Buddhist art.</marcxml:subfield>
    </marcxml:datafield>
    <marcxml:datafield tag="546" ind1=" " ind2=" ">
      <marcxml:subfield code="a">In Tibetan.</marcxml:subfield>
    </marcxml:datafield>
    <marcxml:datafield tag="600" ind1="0" ind2="0">
      <marcxml:subfield code="a">Gautama Buddha</marcxml:subfield>
      <marcxml:subfield code="x">Footprints.</marcxml:subfield>
    </marcxml:datafield>
    <marcxml:datafield tag="650" ind1=" " ind2="0">
      <marcxml:subfield code="a">Painting, Tibetan.</marcxml:subfield>
    </marcxml:datafield>
    <marcxml:datafield tag="650" ind1=" " ind2="0">
      <marcxml:subfield code="a">Buddhist painting.</marcxml:subfield>
    </marcxml:datafield>
    <marcxml:datafield tag="600" ind1="0" ind2="7">
      <marcxml:subfield code="a">Gautama Buddha.</marcxml:subfield>
      <marcxml:subfield code="2">fast</marcxml:subfield>
      <marcxml:subfield code="0">(OCoLC)fst00053986</marcxml:subfield>
    </marcxml:datafield>
    <marcxml:datafield tag="650" ind1=" " ind2="7">
      <marcxml:subfield code="a">Buddhist painting.</marcxml:subfield>
      <marcxml:subfield code="2">fast</marcxml:subfield>
      <marcxml:subfield code="0">(OCoLC)fst01727625</marcxml:subfield>
    </marcxml:datafield>
    <marcxml:datafield tag="650" ind1=" " ind2="7">
      <marcxml:subfield code="a">Footprints of Gautama Buddha.</marcxml:subfield>
      <marcxml:subfield code="2">fast</marcxml:subfield>
      <marcxml:subfield code="0">(OCoLC)fst01353119</marcxml:subfield>
    </marcxml:datafield>
    <marcxml:datafield tag="650" ind1=" " ind2="7">
      <marcxml:subfield code="a">Painting, Tibetan.</marcxml:subfield>
      <marcxml:subfield code="2">fast</marcxml:subfield>
      <marcxml:subfield code="0">(OCoLC)fst01051128</marcxml:subfield>
    </marcxml:datafield>
    <marcxml:datafield tag="710" ind1="2" ind2=" ">
      <marcxml:subfield code="a">Srong-btsan Dpe-mdzod-khang,</marcxml:subfield>
      <marcxml:subfield code="e">publisher.</marcxml:subfield>
    </marcxml:datafield>
    <marcxml:datafield tag="852" ind1="0" ind2="0">
      <marcxml:subfield code="h">BQ922 .D56 2017</marcxml:subfield>
      <marcxml:subfield code="0">10430759</marcxml:subfield>
      <marcxml:subfield code="b">scsbcul</marcxml:subfield>
    </marcxml:datafield>
    <marcxml:datafield tag="876" ind1=" " ind2=" ">
      <marcxml:subfield code="0">10430759</marcxml:subfield>
      <marcxml:subfield code="3"/>
      <marcxml:subfield code="a">16155575</marcxml:subfield>
      <marcxml:subfield code="h"> </marcxml:subfield>
      <marcxml:subfield code="j">Available</marcxml:subfield>
      <marcxml:subfield code="p">CU27413950</marcxml:subfield>
      <marcxml:subfield code="t">1</marcxml:subfield>
      <marcxml:subfield code="x">Shared</marcxml:subfield>
      <marcxml:subfield code="z">CU</marcxml:subfield>
      <marcxml:subfield code="l">RECAP</marcxml:subfield>
    </marcxml:datafield>
  </marcxml:record>
  <marcxml:record>
    <marcxml:leader>01889cam a2200433 i 4500</marcxml:leader>
    <marcxml:controlfield tag="001">SCSB-9779349</marcxml:controlfield>
    <marcxml:controlfield tag="003">NNC</marcxml:controlfield>
    <marcxml:controlfield tag="005">20201120144050.0</marcxml:controlfield>
    <marcxml:controlfield tag="008">160901s2015    cc            000 0 tibo </marcxml:controlfield>
    <marcxml:controlfield tag="009">14451613</marcxml:controlfield>
    <marcxml:datafield tag="010" ind1=" " ind2=" ">
      <marcxml:subfield code="a">  2016325551</marcxml:subfield>
    </marcxml:datafield>
    <marcxml:datafield tag="035" ind1=" " ind2=" ">
      <marcxml:subfield code="a">(OCoLC)ocn958066521</marcxml:subfield>
    </marcxml:datafield>
    <marcxml:datafield tag="040" ind1=" " ind2=" ">
      <marcxml:subfield code="a">DLC</marcxml:subfield>
      <marcxml:subfield code="b">eng</marcxml:subfield>
      <marcxml:subfield code="e">rda</marcxml:subfield>
      <marcxml:subfield code="c">DLC</marcxml:subfield>
      <marcxml:subfield code="d">OCLCF</marcxml:subfield>
      <marcxml:subfield code="d">OCLCO</marcxml:subfield>
      <marcxml:subfield code="d">GZM</marcxml:subfield>
      <marcxml:subfield code="d">OCLCA</marcxml:subfield>
      <marcxml:subfield code="d">OCL</marcxml:subfield>
      <marcxml:subfield code="d">ZCU</marcxml:subfield>
    </marcxml:datafield>
    <marcxml:datafield tag="020" ind1=" " ind2=" ">
      <marcxml:subfield code="a">9787105141920</marcxml:subfield>
    </marcxml:datafield>
    <marcxml:datafield tag="020" ind1=" " ind2=" ">
      <marcxml:subfield code="a">7105141921</marcxml:subfield>
    </marcxml:datafield>
    <marcxml:datafield tag="025" ind1=" " ind2=" ">
      <marcxml:subfield code="a">Ch-Tib-2016325551; 16</marcxml:subfield>
    </marcxml:datafield>
    <marcxml:datafield tag="035" ind1=" " ind2=" ">
      <marcxml:subfield code="a">(OCoLC)958066521</marcxml:subfield>
    </marcxml:datafield>
    <marcxml:datafield tag="037" ind1=" " ind2=" ">
      <marcxml:subfield code="b">Library of Congress -- New Delhi Overseas Office</marcxml:subfield>
    </marcxml:datafield>
    <marcxml:datafield tag="042" ind1=" " ind2=" ">
      <marcxml:subfield code="a">lcode</marcxml:subfield>
      <marcxml:subfield code="a">pcc</marcxml:subfield>
    </marcxml:datafield>
    <marcxml:datafield tag="043" ind1=" " ind2=" ">
      <marcxml:subfield code="a">a-cc-ti</marcxml:subfield>
    </marcxml:datafield>
    <marcxml:datafield tag="050" ind1="0" ind2="0">
      <marcxml:subfield code="a">PL3748.G43</marcxml:subfield>
      <marcxml:subfield code="b">D93 2015</marcxml:subfield>
    </marcxml:datafield>
    <marcxml:datafield tag="049" ind1=" " ind2=" ">
      <marcxml:subfield code="a">ZCUA</marcxml:subfield>
    </marcxml:datafield>
    <marcxml:datafield tag="245" ind1="0" ind2="0">
      <marcxml:subfield code="a">ʼDzam-gling seng-chen rgyal-poʼi sku tsheʼi smad kyi rnam thar bsdus pa khams gsum ʼgug paʼi lcags kyu zhes bya ba bzhugs so /</marcxml:subfield>
      <marcxml:subfield code="c">legs sgrig mkhan, Si-khron Zhing-chen Ge-ser las-don ʼgo- khrid tsho-chung gzung-las -khang.</marcxml:subfield>
    </marcxml:datafield>
    <marcxml:datafield tag="246" ind1="3" ind2="4">
      <marcxml:subfield code="a">ʼDzam-gling seng-chen rgyal-poʼi sku tsheʼi smad kyi rnam thar bsdus pa</marcxml:subfield>
    </marcxml:datafield>
    <marcxml:datafield tag="246" ind1="1" ind2=" ">
      <marcxml:subfield code="6">880-01</marcxml:subfield>
      <marcxml:subfield code="i">Chinese title from colophon:</marcxml:subfield>
      <marcxml:subfield code="a">Ling Gesaʼer wang xia ban sheng zhuan ji</marcxml:subfield>
    </marcxml:datafield>
    <marcxml:datafield tag="250" ind1=" " ind2=" ">
      <marcxml:subfield code="a">Par thengs dang po brgyab.</marcxml:subfield>
    </marcxml:datafield>
    <marcxml:datafield tag="264" ind1=" " ind2="1">
      <marcxml:subfield code="a">Peking :</marcxml:subfield>
      <marcxml:subfield code="b">Mi-rigs Dpe-skrun Khang,</marcxml:subfield>
      <marcxml:subfield code="c">2015.</marcxml:subfield>
    </marcxml:datafield>
    <marcxml:datafield tag="300" ind1=" " ind2=" ">
      <marcxml:subfield code="a">2, 5, 345 pages ;</marcxml:subfield>
      <marcxml:subfield code="c">21 cm.</marcxml:subfield>
    </marcxml:datafield>
    <marcxml:datafield tag="336" ind1=" " ind2=" ">
      <marcxml:subfield code="a">text</marcxml:subfield>
      <marcxml:subfield code="b">txt</marcxml:subfield>
      <marcxml:subfield code="2">rdacontent</marcxml:subfield>
    </marcxml:datafield>
    <marcxml:datafield tag="337" ind1=" " ind2=" ">
      <marcxml:subfield code="a">unmediated</marcxml:subfield>
      <marcxml:subfield code="b">n</marcxml:subfield>
      <marcxml:subfield code="2">rdamedia</marcxml:subfield>
    </marcxml:datafield>
    <marcxml:datafield tag="338" ind1=" " ind2=" ">
      <marcxml:subfield code="a">volume</marcxml:subfield>
      <marcxml:subfield code="b">nc</marcxml:subfield>
      <marcxml:subfield code="2">rdacarrier</marcxml:subfield>
    </marcxml:datafield>
    <marcxml:datafield tag="490" ind1="0" ind2=" ">
      <marcxml:subfield code="a">Si-khron Zhing-chen Ge-ser Gzung-las khang gi ge-sgrung dpe-tshogs ;</marcxml:subfield>
      <marcxml:subfield code="v">13.</marcxml:subfield>
    </marcxml:datafield>
    <marcxml:datafield tag="520" ind1=" " ind2=" ">
      <marcxml:subfield code="a">Biography of the later part of life of the King Gesar, a legendary charcater.</marcxml:subfield>
    </marcxml:datafield>
    <marcxml:datafield tag="546" ind1=" " ind2=" ">
      <marcxml:subfield code="a">In Tibetan.</marcxml:subfield>
    </marcxml:datafield>
    <marcxml:datafield tag="630" ind1="0" ind2="0">
      <marcxml:subfield code="a">Gesar.</marcxml:subfield>
    </marcxml:datafield>
    <marcxml:datafield tag="600" ind1="0" ind2="0">
      <marcxml:subfield code="a">Gesar</marcxml:subfield>
      <marcxml:subfield code="c">(Legendary character)</marcxml:subfield>
    </marcxml:datafield>
    <marcxml:datafield tag="630" ind1="0" ind2="7">
      <marcxml:subfield code="a">Gesar.</marcxml:subfield>
      <marcxml:subfield code="2">fast</marcxml:subfield>
      <marcxml:subfield code="0">(OCoLC)fst01359733</marcxml:subfield>
    </marcxml:datafield>
    <marcxml:datafield tag="600" ind1="0" ind2="7">
      <marcxml:subfield code="a">Gesar</marcxml:subfield>
      <marcxml:subfield code="c">(Legendary character)</marcxml:subfield>
      <marcxml:subfield code="2">fast</marcxml:subfield>
      <marcxml:subfield code="0">(OCoLC)fst00942257</marcxml:subfield>
    </marcxml:datafield>
    <marcxml:datafield tag="710" ind1="2" ind2=" ">
      <marcxml:subfield code="a">Si-khron Źiṅ-chen Ge-sar Las-don ʼGo-khrid Tsho-chuṅ Gźuṅ-las-khaṅ,</marcxml:subfield>
      <marcxml:subfield code="e">editor.</marcxml:subfield>
    </marcxml:datafield>
    <marcxml:datafield tag="880" ind1="1" ind2=" ">
      <marcxml:subfield code="6">246-01</marcxml:subfield>
      <marcxml:subfield code="i">Chinese title from colophon:</marcxml:subfield>
      <marcxml:subfield code="a">岭格萨尔王下半生传记</marcxml:subfield>
    </marcxml:datafield>
    <marcxml:datafield tag="852" ind1="0" ind2="0">
      <marcxml:subfield code="h">PL3748.G43 D93 2015</marcxml:subfield>
      <marcxml:subfield code="0">10435290</marcxml:subfield>
      <marcxml:subfield code="b">scsbcul</marcxml:subfield>
    </marcxml:datafield>
    <marcxml:datafield tag="876" ind1=" " ind2=" ">
      <marcxml:subfield code="0">10435290</marcxml:subfield>
      <marcxml:subfield code="3"/>
      <marcxml:subfield code="a">16161105</marcxml:subfield>
      <marcxml:subfield code="h"> </marcxml:subfield>
      <marcxml:subfield code="j">Available</marcxml:subfield>
      <marcxml:subfield code="p">CU27413977</marcxml:subfield>
      <marcxml:subfield code="t">1</marcxml:subfield>
      <marcxml:subfield code="x">Shared</marcxml:subfield>
      <marcxml:subfield code="z">CU</marcxml:subfield>
      <marcxml:subfield code="l">RECAP</marcxml:subfield>
    </marcxml:datafield>
  </marcxml:record>
</marcxml:collection>
