<?xml version="1.0" encoding="UTF-8"?><marcxml:collection xmlns:marcxml="http://www.loc.gov/MARC21/slim">
  <marcxml:record>
    <marcxml:leader>01204cam a2200325 i 4500</marcxml:leader>
    <marcxml:controlfield tag="001">SCSB-2150272</marcxml:controlfield>
    <marcxml:controlfield tag="003">NNC</marcxml:controlfield>
    <marcxml:controlfield tag="005">20190723174618.0</marcxml:controlfield>
    <marcxml:controlfield tag="008">791003s1978    nyua          000 0 eng  </marcxml:controlfield>
    <marcxml:controlfield tag="009">9572</marcxml:controlfield>
    <marcxml:datafield tag="010" ind1=" " ind2=" ">
      <marcxml:subfield code="a">   78071139 </marcxml:subfield>
    </marcxml:datafield>
    <marcxml:datafield tag="035" ind1=" " ind2=" ">
      <marcxml:subfield code="a">(OCoLC)4834235</marcxml:subfield>
    </marcxml:datafield>
    <marcxml:datafield tag="035" ind1=" " ind2=" ">
      <marcxml:subfield code="a">(OCoLC)ocm04834235</marcxml:subfield>
    </marcxml:datafield>
    <marcxml:datafield tag="035" ind1=" " ind2=" ">
      <marcxml:subfield code="a">(CStRLIN)NYCG12333719-B</marcxml:subfield>
    </marcxml:datafield>
    <marcxml:datafield tag="035" ind1=" " ind2=" ">
      <marcxml:subfield code="9">AAA9891CU</marcxml:subfield>
    </marcxml:datafield>
    <marcxml:datafield tag="035" ind1=" " ind2=" ">
      <marcxml:subfield code="a">(NNC)9572</marcxml:subfield>
    </marcxml:datafield>
    <marcxml:datafield tag="035" ind1=" " ind2=" ">
      <marcxml:subfield code="a">9572</marcxml:subfield>
    </marcxml:datafield>
    <marcxml:datafield tag="043" ind1=" " ind2=" ">
      <marcxml:subfield code="a">n-us---</marcxml:subfield>
    </marcxml:datafield>
    <marcxml:datafield tag="050" ind1="0" ind2="0">
      <marcxml:subfield code="a">HG9963.B6</marcxml:subfield>
      <marcxml:subfield code="b">W54</marcxml:subfield>
    </marcxml:datafield>
    <marcxml:datafield tag="082" ind1="0" ind2=" ">
      <marcxml:subfield code="a">368.7/00973</marcxml:subfield>
    </marcxml:datafield>
    <marcxml:datafield tag="100" ind1="1" ind2=" ">
      <marcxml:subfield code="a">Wilde, Wilson.</marcxml:subfield>
      <marcxml:subfield code="0">http://id.loc.gov/authorities/names/n79003152</marcxml:subfield>
    </marcxml:datafield>
    <marcxml:datafield tag="245" ind1="1" ind2="0">
      <marcxml:subfield code="a">"... in the pursuit of greater safety, reliability, and efficiency" :</marcxml:subfield>
      <marcxml:subfield code="b">the story of the Hartford Steam Boiler Inspection and Insurance Company /</marcxml:subfield>
      <marcxml:subfield code="c">Wilson Wilde.</marcxml:subfield>
    </marcxml:datafield>
    <marcxml:datafield tag="260" ind1=" " ind2=" ">
      <marcxml:subfield code="a">New York :</marcxml:subfield>
      <marcxml:subfield code="b">Newcomen Society in North America,</marcxml:subfield>
      <marcxml:subfield code="c">1978.</marcxml:subfield>
    </marcxml:datafield>
    <marcxml:datafield tag="300" ind1=" " ind2=" ">
      <marcxml:subfield code="a">24 pages :</marcxml:subfield>
      <marcxml:subfield code="b">illustrations ;</marcxml:subfield>
      <marcxml:subfield code="c">23 cm.</marcxml:subfield>
    </marcxml:datafield>
    <marcxml:datafield tag="336" ind1=" " ind2=" ">
      <marcxml:subfield code="a">text</marcxml:subfield>
      <marcxml:subfield code="2">rdacontent</marcxml:subfield>
    </marcxml:datafield>
    <marcxml:datafield tag="337" ind1=" " ind2=" ">
      <marcxml:subfield code="a">unmediated</marcxml:subfield>
      <marcxml:subfield code="2">rdamedia</marcxml:subfield>
    </marcxml:datafield>
    <marcxml:datafield tag="338" ind1=" " ind2=" ">
      <marcxml:subfield code="a">volume</marcxml:subfield>
      <marcxml:subfield code="2">rdacarrier</marcxml:subfield>
    </marcxml:datafield>
    <marcxml:datafield tag="490" ind1="1" ind2=" ">
      <marcxml:subfield code="a">Newcomen publication ;</marcxml:subfield>
      <marcxml:subfield code="v">no. 1067</marcxml:subfield>
    </marcxml:datafield>
    <marcxml:datafield tag="610" ind1="2" ind2="0">
      <marcxml:subfield code="a">Hartford Steam Boiler Inspection and Insurance Company.</marcxml:subfield>
      <marcxml:subfield code="0">http://id.loc.gov/authorities/names/n79042243</marcxml:subfield>
    </marcxml:datafield>
    <marcxml:datafield tag="830" ind1=" " ind2="0">
      <marcxml:subfield code="a">Newcomen publication ;</marcxml:subfield>
      <marcxml:subfield code="v">no. 1067.</marcxml:subfield>
      <marcxml:subfield code="0">http://id.loc.gov/authorities/names/n42017608</marcxml:subfield>
    </marcxml:datafield>
    <marcxml:datafield tag="852" ind1="0" ind2="0">
      <marcxml:subfield code="h">HG9963.B6 W54</marcxml:subfield>
      <marcxml:subfield code="0">2116642</marcxml:subfield>
      <marcxml:subfield code="b">scsbcul</marcxml:subfield>
    </marcxml:datafield>
    <marcxml:datafield tag="876" ind1=" " ind2=" ">
      <marcxml:subfield code="0">2116642</marcxml:subfield>
      <marcxml:subfield code="3"/>
      <marcxml:subfield code="a">3277325</marcxml:subfield>
      <marcxml:subfield code="h"> </marcxml:subfield>
      <marcxml:subfield code="j">Available</marcxml:subfield>
      <marcxml:subfield code="p">CU53812921</marcxml:subfield>
      <marcxml:subfield code="t">1</marcxml:subfield>
      <marcxml:subfield code="x">Open</marcxml:subfield>
      <marcxml:subfield code="z">CU</marcxml:subfield>
      <marcxml:subfield code="l">RECAP</marcxml:subfield>
    </marcxml:datafield>
  </marcxml:record>
  <marcxml:record>
    <marcxml:leader>01199cam a2200301   4500</marcxml:leader>
    <marcxml:controlfield tag="001">SCSB-2158166</marcxml:controlfield>
    <marcxml:controlfield tag="003">NNC</marcxml:controlfield>
    <marcxml:controlfield tag="005">20140114115001.0</marcxml:controlfield>
    <marcxml:controlfield tag="008">800430s1940    dcud         f000 0 eng  </marcxml:controlfield>
    <marcxml:controlfield tag="009">21112</marcxml:controlfield>
    <marcxml:datafield tag="010" ind1=" " ind2=" ">
      <marcxml:subfield code="a">   44041420 </marcxml:subfield>
    </marcxml:datafield>
    <marcxml:datafield tag="035" ind1=" " ind2=" ">
      <marcxml:subfield code="a">(OCoLC)16691982</marcxml:subfield>
    </marcxml:datafield>
    <marcxml:datafield tag="035" ind1=" " ind2=" ">
      <marcxml:subfield code="a">(OCoLC)ocm16691982</marcxml:subfield>
    </marcxml:datafield>
    <marcxml:datafield tag="035" ind1=" " ind2=" ">
      <marcxml:subfield code="a">(CStRLIN)NYCG15494004-B</marcxml:subfield>
    </marcxml:datafield>
    <marcxml:datafield tag="035" ind1=" " ind2=" ">
      <marcxml:subfield code="9">AAC2121CU</marcxml:subfield>
    </marcxml:datafield>
    <marcxml:datafield tag="035" ind1=" " ind2=" ">
      <marcxml:subfield code="a">(NNC)21112</marcxml:subfield>
    </marcxml:datafield>
    <marcxml:datafield tag="040" ind1=" " ind2=" ">
      <marcxml:subfield code="c">NNC</marcxml:subfield>
      <marcxml:subfield code="d">NNC</marcxml:subfield>
    </marcxml:datafield>
    <marcxml:datafield tag="043" ind1=" " ind2=" ">
      <marcxml:subfield code="a">n-----</marcxml:subfield>
    </marcxml:datafield>
    <marcxml:datafield tag="050" ind1="0" ind2=" ">
      <marcxml:subfield code="a">G106</marcxml:subfield>
      <marcxml:subfield code="b">.U5 1940</marcxml:subfield>
    </marcxml:datafield>
    <marcxml:datafield tag="082" ind1=" " ind2=" ">
      <marcxml:subfield code="a">929.4</marcxml:subfield>
    </marcxml:datafield>
    <marcxml:datafield tag="090" ind1=" " ind2=" ">
      <marcxml:subfield code="b">G106/.U5 1940</marcxml:subfield>
    </marcxml:datafield>
    <marcxml:datafield tag="110" ind1="1" ind2=" ">
      <marcxml:subfield code="a">United States.</marcxml:subfield>
      <marcxml:subfield code="b">Work Projects Administration (Pa.)</marcxml:subfield>
    </marcxml:datafield>
    <marcxml:datafield tag="245" ind1="1" ind2="0">
      <marcxml:subfield code="a">... Geographic names in the coastal areas of California, Oregon and Washington.</marcxml:subfield>
      <marcxml:subfield code="c">Compiled under the supervision of the Coast and Geodetic Survey by personnel of Works[!] Project[s] Administration, Project 0P-765-23-3-7, in the City of Philadelphia, Pa., 1939-40.</marcxml:subfield>
    </marcxml:datafield>
    <marcxml:datafield tag="260" ind1=" " ind2=" ">
      <marcxml:subfield code="a">[Washington?</marcxml:subfield>
      <marcxml:subfield code="c">1940?]</marcxml:subfield>
    </marcxml:datafield>
    <marcxml:datafield tag="300" ind1=" " ind2=" ">
      <marcxml:subfield code="a">1 p. l., 94 p.</marcxml:subfield>
      <marcxml:subfield code="b">incl. charts.</marcxml:subfield>
      <marcxml:subfield code="c">26 cm.</marcxml:subfield>
    </marcxml:datafield>
    <marcxml:datafield tag="500" ind1=" " ind2=" ">
      <marcxml:subfield code="a">At head of title: U. S. Dept. of Commerce.  Jesse H. Jones, secretary.  Coast and Geodetic Survey.  Leo Otis Colbert, director.</marcxml:subfield>
    </marcxml:datafield>
    <marcxml:datafield tag="500" ind1=" " ind2=" ">
      <marcxml:subfield code="a">Reproduced from type-written copy.</marcxml:subfield>
    </marcxml:datafield>
    <marcxml:datafield tag="650" ind1=" " ind2="0">
      <marcxml:subfield code="a">Names, Geographical</marcxml:subfield>
      <marcxml:subfield code="z">Pacific Coast.</marcxml:subfield>
    </marcxml:datafield>
    <marcxml:datafield tag="710" ind1="2" ind2=" ">
      <marcxml:subfield code="a">U.S. Coast and Geodetic Survey.</marcxml:subfield>
    </marcxml:datafield>
    <marcxml:datafield tag="852" ind1="0" ind2="0">
      <marcxml:subfield code="h">G106 .U5 1940</marcxml:subfield>
      <marcxml:subfield code="0">2124703</marcxml:subfield>
      <marcxml:subfield code="b">scsbcul</marcxml:subfield>
    </marcxml:datafield>
    <marcxml:datafield tag="876" ind1=" " ind2=" ">
      <marcxml:subfield code="0">2124703</marcxml:subfield>
      <marcxml:subfield code="3"/>
      <marcxml:subfield code="a">3286052</marcxml:subfield>
      <marcxml:subfield code="h"/>
      <marcxml:subfield code="j">Available</marcxml:subfield>
      <marcxml:subfield code="p">CU70263302</marcxml:subfield>
      <marcxml:subfield code="t">1</marcxml:subfield>
      <marcxml:subfield code="x">Shared</marcxml:subfield>
      <marcxml:subfield code="z">CU</marcxml:subfield>
      <marcxml:subfield code="l">RECAP</marcxml:subfield>
    </marcxml:datafield>
  </marcxml:record>
</marcxml:collection>
